amount,transaction_hour,customer_avg_transaction,previous_transaction_count,is_international,is_new_device,location_changed,is_fraud
1802.11,7,535.36,193,0,0,0,0
955.02,0,744.8,181,0,0,0,0
2095.8,23,647.64,65,0,0,0,0
5029.27,21,922.89,81,0,1,0,1
867.7,3,265.91,164,0,0,0,0
867.71,11,478.79,131,0,1,0,0
5319.92,23,802.0,90,0,0,0,0
2362.4,2,421.03,195,0,1,0,1
685.76,12,1283.78,11,0,0,0,0
1886.65,19,426.12,154,1,0,1,1
689.92,5,724.87,89,0,1,0,0
688.33,10,624.55,10,0,0,0,0
1396.83,22,361.84,193,0,0,0,0
161.86,3,689.73,146,0,0,0,0
195.41,19,302.73,148,0,0,0,0
624.98,15,509.71,7,0,0,1,0
398.29,6,677.33,141,1,0,0,0
1501.54,21,282.48,51,0,0,0,1
442.29,10,966.91,89,0,0,0,0
267.12,23,777.61,98,1,0,0,0
4748.81,0,915.25,174,0,0,0,1
875.0,6,666.13,174,0,0,1,0
1173.24,11,333.48,27,0,1,0,0
263.82,6,665.11,7,0,0,0,0
636.27,22,966.67,133,0,0,0,0
1225.28,6,325.65,71,0,0,0,0
346.89,9,341.55,75,1,0,0,0
1596.71,15,573.84,135,0,0,0,0
601.46,7,532.3,181,0,0,1,0
819.18,8,658.72,71,0,0,0,0
600.82,8,558.35,59,0,0,0,0
6990.3,1,732.16,136,0,0,0,0
1081.93,12,1384.5,35,0,0,0,0
380.81,12,918.77,70,0,1,0,0
2496.25,22,687.93,105,0,0,1,0
323.49,22,342.4,68,1,0,0,0
1351.36,3,431.3,35,1,0,1,0
154.52,23,1102.17,121,0,1,0,0
290.56,11,502.15,195,0,0,1,0
1335.23,16,372.17,70,0,0,0,0
2294.95,1,2342.14,163,0,0,0,0
1301.62,12,1660.17,51,1,1,0,0
976.87,17,617.28,26,0,1,1,0
811.51,14,347.37,98,0,0,0,0
250.0,7,1026.61,87,0,1,0,0
533.87,14,495.69,50,0,0,0,0
691.84,0,1133.56,93,0,1,0,0
3156.19,19,496.0,190,0,1,0,0
1546.3,9,1785.11,123,1,0,0,0
188.1,11,487.24,193,0,0,0,0
1516.38,4,2748.58,50,0,0,0,0
746.14,8,747.72,5,0,0,0,0
557.29,22,1526.27,100,0,0,1,0
2021.66,7,481.03,157,0,0,0,0
3074.81,15,302.84,65,0,0,0,1
2782.99,13,166.71,109,1,1,1,1
473.8,12,1430.76,85,0,0,0,0
804.96,22,692.85,18,0,0,0,0
1527.31,20,314.65,49,0,0,0,0
2908.94,12,1466.92,81,0,0,0,0
679.14,4,1330.88,171,0,1,0,0
910.82,15,1524.51,70,0,0,0,0
362.73,10,297.71,36,0,0,0,0
331.55,21,1405.08,100,0,1,0,0
2471.36,4,837.5,62,0,0,0,0
4256.66,12,1566.46,108,0,1,0,0
1020.44,10,921.16,60,0,0,0,0
2991.51,18,737.9,138,0,0,1,0
1574.41,2,1416.57,71,0,0,1,0
575.29,14,1108.92,182,0,1,1,0
1574.03,6,1272.91,122,0,0,1,0
5105.31,6,496.3,42,0,0,0,0
1058.04,5,599.77,135,1,1,1,1
5242.97,2,235.03,116,0,0,0,1
79.86,12,475.29,137,0,0,0,0
2494.65,6,1068.74,156,0,0,0,0
1196.37,4,933.1,58,0,0,0,0
813.21,22,369.55,38,0,0,0,0
1202.02,17,1435.7,43,0,1,0,0
150.27,21,3959.39,116,1,1,1,1
880.36,7,386.98,92,0,0,0,0
1567.3,16,587.85,52,0,0,0,0
4807.32,19,458.08,53,0,0,0,0
653.1,0,628.33,38,0,0,0,0
488.58,13,783.95,104,0,0,0,0
663.97,16,437.73,139,1,1,0,1
2739.15,9,563.32,22,1,0,1,1
1523.48,11,700.89,74,0,0,0,0
645.64,15,882.68,118,0,0,1,0
1832.19,13,1603.42,38,0,0,0,0
1208.43,15,659.39,55,0,0,0,0
2888.94,7,474.8,109,1,0,0,1
543.45,22,1010.1,97,0,0,0,0
790.24,9,845.65,146,0,0,0,0
740.92,16,592.47,73,0,0,1,0
253.78,17,889.81,93,0,0,0,0
1474.57,19,528.54,107,0,0,0,0
1423.76,15,483.85,140,0,0,0,0
1102.26,16,212.81,147,0,0,0,0
867.32,15,546.34,87,0,1,0,0
266.3,18,231.02,191,0,0,1,0
720.07,23,453.21,15,0,0,0,0
778.43,23,941.7,152,0,1,0,0
491.63,7,269.59,187,0,0,0,0
933.29,5,593.53,40,0,1,1,1
1642.63,5,691.79,86,0,0,0,0
7231.39,20,576.42,146,0,1,1,1
1305.81,8,498.3,190,0,0,0,0
1418.78,3,808.54,42,0,0,1,0
1017.96,11,878.71,93,0,0,1,0
160.97,11,665.75,5,0,0,1,0
1067.94,22,515.19,108,0,0,0,0
1164.71,16,1117.49,69,0,0,0,1
12877.57,14,302.95,5,0,0,0,0
904.73,8,1004.68,129,1,0,0,0
1482.59,6,855.61,64,0,0,0,0
1059.22,9,749.51,29,0,0,0,0
340.81,15,661.2,95,0,0,1,0
3438.61,11,214.01,142,1,0,0,1
2326.06,6,1529.06,54,1,0,0,0
2418.81,17,1100.15,144,1,1,0,1
441.69,14,373.59,96,0,0,0,0
4459.51,5,1048.68,36,0,0,0,0
269.93,11,744.94,37,0,0,0,0
1972.11,10,468.81,30,0,0,0,1
9803.12,19,1359.78,46,0,0,0,0
407.26,2,513.63,182,0,0,0,0
622.47,1,1500.68,65,0,1,0,0
1211.54,5,916.51,45,0,1,0,0
662.83,23,1180.79,189,0,0,1,0
232.6,21,941.48,134,0,0,0,0
1174.46,4,915.65,103,0,0,0,0
379.06,17,756.83,102,0,0,0,0
1760.92,15,430.05,35,0,0,1,1
437.28,7,690.57,155,0,0,1,0
5166.42,19,1152.67,186,1,0,0,1
501.07,21,1024.09,119,0,1,0,1
794.68,10,898.52,160,1,0,0,0
2473.82,9,189.15,151,0,1,0,0
320.26,23,585.27,52,0,0,0,0
1376.72,11,549.51,6,0,0,0,0
4052.72,20,343.11,143,0,0,1,0
219.76,5,1143.96,176,0,0,0,0
1319.01,19,197.32,105,0,0,0,1
1422.09,4,1098.81,191,1,0,0,1
2396.64,22,1476.67,132,1,0,1,1
318.32,8,586.45,63,1,0,0,1
292.82,15,636.13,124,1,0,0,0
1848.15,21,1188.6,42,0,0,0,0
1475.84,13,420.65,157,0,0,0,0
1408.8,21,988.77,111,0,1,0,0
1550.68,7,383.49,25,0,0,0,0
555.56,19,320.39,46,0,0,0,0
1383.34,18,794.41,168,1,0,0,0
1470.08,13,654.58,141,0,0,0,0
536.81,6,236.84,144,0,0,0,0
7085.28,4,1554.93,14,0,0,0,0
1761.34,17,518.62,191,0,0,0,0
333.18,1,903.62,137,0,0,0,1
2114.46,10,1742.56,37,1,0,0,0
413.77,21,771.67,73,1,1,0,0
2409.28,7,1427.92,84,0,0,0,0
3493.28,0,396.3,195,0,1,0,1
482.66,21,1560.23,105,0,1,0,0
2873.76,11,405.24,33,0,0,0,1
1657.03,1,472.16,150,1,1,0,1
2495.04,17,277.88,138,0,0,0,1
7308.5,6,781.37,57,0,1,0,0
858.01,16,971.22,164,0,0,0,0
516.08,21,1053.72,128,1,0,0,0
450.56,22,281.76,46,0,0,1,0
485.02,13,832.96,51,0,1,0,0
1015.26,23,851.66,163,0,1,0,0
1542.49,6,961.85,194,0,0,0,0
1446.19,21,418.37,188,0,0,0,0
2507.86,2,147.94,15,0,0,0,0
1110.98,5,1016.26,158,1,0,0,0
4691.62,19,609.42,159,0,0,0,0
841.63,1,786.93,87,0,0,0,0
16650.06,16,628.44,189,0,1,0,0
2050.15,11,765.63,113,0,0,0,0
465.37,11,1035.12,31,0,0,0,0
375.82,16,218.28,191,0,0,0,0
1776.63,9,1318.98,66,0,0,0,0
877.03,2,596.28,152,0,1,0,0
2239.48,19,1765.6,135,1,0,0,0
1760.3,17,504.88,148,1,0,0,0
1019.61,12,441.88,107,0,1,0,0
470.22,11,608.5,48,0,0,0,1
241.09,16,897.84,97,0,1,0,0
701.69,3,564.19,34,0,0,0,0
2582.2,22,937.77,172,0,1,0,0
1358.44,9,527.28,123,0,0,0,0
315.53,10,679.21,197,1,0,0,0
1303.99,5,2545.12,33,0,1,0,0
1612.14,5,824.16,34,1,0,0,0
453.11,8,864.8,108,0,0,1,0
1278.86,14,274.91,114,0,0,0,0
1162.36,1,1499.03,36,0,0,0,0
349.68,3,1261.28,142,1,0,0,1
1568.36,4,433.26,55,0,0,0,0
1921.35,16,1246.43,140,0,0,0,0
3239.1,7,810.69,183,0,1,0,1
3145.73,7,683.93,40,0,0,0,0
276.53,21,1443.14,59,0,0,0,0
429.31,11,489.13,167,0,0,1,0
1835.43,20,431.21,40,1,0,0,0
1833.14,7,753.36,60,0,0,0,0
1835.46,18,913.18,40,0,0,0,0
51675.11,2,1187.72,93,0,0,0,1
1940.87,17,607.55,193,0,0,1,0
3413.75,20,399.47,66,1,1,1,1
2846.94,18,3032.49,113,0,1,0,0
2103.57,18,346.56,91,0,0,0,0
800.1,14,687.51,157,0,1,0,1
2342.49,5,1061.91,68,0,0,1,0
506.32,15,1327.0,192,0,0,0,0
865.39,7,473.29,61,0,0,0,0
674.95,15,215.95,117,0,1,0,0
1190.2,17,466.77,74,0,1,0,1
11099.54,19,1115.2,184,0,0,0,1
169.48,15,975.06,188,1,0,0,0
2178.21,10,994.33,195,0,0,0,0
218.61,6,1019.43,24,0,0,0,0
684.08,16,1486.31,58,0,0,0,0
3258.27,16,417.58,5,0,1,0,0
1169.44,11,324.17,94,0,0,1,0
373.25,12,830.72,142,0,0,0,0
536.3,9,354.56,155,1,0,0,0
2163.75,6,312.14,183,0,0,0,0
528.28,13,1386.28,117,0,0,0,0
1361.66,22,772.95,156,0,0,0,0
1147.76,0,676.61,17,1,1,0,1
571.58,16,685.1,161,1,0,0,0
9357.6,3,624.1,190,0,0,0,0
2067.14,20,1380.7,114,0,0,0,0
144.73,4,268.07,95,0,0,0,0
1321.41,19,261.49,99,0,1,0,0
565.78,23,379.24,47,0,0,0,0
2571.99,22,791.16,142,0,1,0,0
496.45,6,1964.92,163,0,1,0,0
977.76,9,1120.41,78,0,0,1,0
1817.08,16,949.05,18,0,1,0,0
2606.48,6,634.02,103,0,1,0,0
330.2,0,299.01,113,0,0,1,0
784.85,6,905.96,166,0,0,0,0
682.02,23,2243.02,149,0,0,0,0
570.59,10,575.92,153,1,0,0,0
6408.97,8,475.13,100,0,0,0,0
1644.15,11,577.58,199,0,0,0,0
310.79,2,953.22,62,0,0,1,0
2745.89,3,711.26,140,0,1,0,0
9155.92,3,1148.27,100,0,0,0,0
3079.32,12,651.92,42,0,0,0,1
240.0,22,575.59,158,0,0,0,0
675.71,18,763.11,68,0,0,1,0
3892.91,9,481.16,162,0,0,0,0
540.41,4,1890.24,13,0,0,0,0
1709.27,6,1089.93,125,1,0,0,0
2379.47,23,343.84,36,0,1,0,1
434.01,15,425.19,15,0,0,0,0
1033.26,0,933.74,166,1,0,0,0
42.89,11,742.48,109,0,0,0,0
393.71,1,797.52,150,0,0,1,0
851.87,6,592.72,151,0,1,0,0
314.89,10,874.02,186,0,0,1,0
5610.59,12,601.15,86,0,0,0,0
262.4,1,932.65,41,0,0,0,0
706.24,6,1057.66,86,0,0,1,0
1249.8,14,1744.19,16,0,0,0,0
4634.45,10,488.42,8,0,0,1,1
260.9,1,660.72,47,0,0,0,0
3509.27,6,320.09,159,0,0,0,0
1107.91,3,1989.74,55,0,0,0,0
410.96,10,203.3,9,0,0,1,0
1740.81,1,1825.71,138,0,1,1,0
1338.17,15,703.51,91,0,1,0,0
601.71,6,854.96,110,0,0,0,0
1175.92,12,602.21,60,0,0,0,0
745.97,4,677.67,114,0,0,0,0
1228.46,16,946.58,72,0,0,0,0
2126.28,20,249.14,100,1,0,0,0
5356.24,11,449.76,48,0,0,0,0
318.04,18,400.6,147,0,0,0,0
9256.06,6,869.96,94,0,0,0,0
155.7,5,666.89,46,0,1,0,0
942.2,7,963.77,143,1,1,0,1
1974.99,12,734.26,77,1,0,0,0
1452.43,4,1255.33,15,0,0,0,0
588.34,1,426.6,198,0,0,0,0
890.58,8,688.76,159,1,0,0,0
669.81,10,1294.16,62,0,1,0,0
608.28,23,1147.79,132,0,1,1,1
2564.71,5,273.75,25,0,0,0,1
1567.15,6,360.44,25,0,0,0,0
548.45,6,633.29,76,0,0,0,0
2696.2,18,577.73,133,0,0,0,0
1491.14,5,639.54,106,1,1,0,0
2472.2,10,1072.46,190,1,0,1,0
2058.29,10,791.26,17,0,0,0,0
478.67,6,819.43,77,0,0,0,0
626.29,1,994.63,10,0,0,1,0
2315.3,18,1267.12,116,0,0,0,0
2019.03,3,106.31,190,0,0,1,1
1073.95,5,527.43,21,0,0,1,0
1233.15,16,391.59,77,0,0,1,0
3935.0,4,884.65,16,0,0,0,1
606.94,6,504.08,90,0,0,0,0
1895.23,8,696.12,184,1,1,0,1
895.88,0,1109.08,126,0,0,0,0
882.11,0,463.22,74,0,0,1,0
3290.44,18,826.9,112,0,0,0,0
2503.43,5,1689.68,56,1,0,0,0
2473.8,17,1095.5,41,0,0,0,0
4045.98,9,256.86,121,0,0,0,0
1119.91,10,558.33,7,0,1,0,0
2168.85,0,823.44,12,0,0,1,1
804.11,0,926.74,142,0,0,0,0
1516.51,12,571.69,51,0,0,0,0
962.81,4,453.11,173,0,1,0,0
1208.33,19,692.74,68,1,1,0,1
1988.54,0,346.5,46,0,0,0,0
483.85,19,1286.71,47,0,0,0,0
8887.38,2,2041.03,129,0,1,0,1
401.01,17,842.87,141,0,0,0,0
325.65,8,578.56,18,0,0,0,0
3491.58,13,1169.74,95,0,0,0,0
2420.34,16,1056.97,136,0,0,0,0
2046.98,22,563.79,6,0,0,0,0
2055.65,13,646.32,119,0,0,0,0
1083.28,3,461.41,5,1,0,0,0
447.08,4,734.22,79,0,0,0,1
1182.99,20,795.8,69,0,0,0,0
557.15,16,416.51,178,0,0,0,0
2907.71,21,349.04,191,0,0,0,0
946.66,1,300.18,129,1,0,0,0
480.34,22,853.99,139,0,0,1,0
795.22,21,660.57,70,0,0,0,0
1657.28,4,632.61,147,0,0,1,1
624.08,3,878.94,76,0,0,0,0
481.92,3,387.39,120,0,0,0,0
1399.24,5,349.97,125,1,0,0,0
1401.04,19,768.66,51,0,0,0,0
660.54,20,235.75,94,0,1,0,0
684.69,12,569.41,44,0,0,0,0
1383.05,21,2921.54,46,1,1,0,1
257.73,4,296.15,183,0,0,0,0
268.42,22,513.96,39,0,1,0,1
534.62,22,186.1,45,0,0,0,0
885.85,6,578.11,89,0,0,1,0
1496.53,19,2164.45,128,0,0,1,0
4795.13,0,880.2,61,0,1,0,1
2585.46,13,460.23,42,0,0,0,0
934.55,23,2462.29,100,0,1,1,1
1075.98,3,233.83,140,0,0,0,0
402.41,16,873.38,67,0,0,1,0
1076.52,20,691.56,91,1,1,0,1
821.67,13,573.52,136,0,1,0,1
1514.32,15,1079.5,180,0,0,0,0
479.51,13,327.28,56,0,0,0,0
1843.36,15,802.37,42,1,0,1,0
5078.34,23,743.52,91,0,0,0,0
983.62,19,394.41,9,0,0,0,0
1638.79,7,2143.08,124,0,0,1,0
2186.69,23,596.39,74,0,0,1,1
734.2,2,612.05,117,0,1,0,1
1372.09,18,359.03,28,1,0,1,1
1110.53,0,603.05,90,1,0,0,0
1209.15,1,2699.58,149,0,0,0,0
506.23,14,571.56,30,0,1,0,0
1123.84,21,907.98,7,0,0,0,0
1804.43,9,1176.53,6,1,0,0,1
4680.42,17,596.55,96,0,1,0,0
2861.99,21,520.22,6,0,0,0,0
9444.45,13,883.03,154,1,0,0,1
509.1,16,575.5,75,0,1,0,0
2623.65,12,545.06,8,0,0,1,0
1317.3,0,1169.04,42,0,1,0,0
9796.72,4,638.01,107,0,1,0,1
488.68,12,1377.39,74,0,0,0,0
473.56,13,629.45,56,0,0,0,0
602.21,23,301.78,35,1,0,0,0
131.12,2,85.16,158,0,1,1,1
648.23,14,220.77,40,0,0,0,0
513.3,18,244.8,158,0,0,1,1
1274.61,16,780.49,160,0,0,0,0
1543.42,2,371.37,137,0,1,0,1
7159.32,15,203.47,119,0,0,0,0
2836.78,13,614.9,78,0,0,0,0
615.91,11,347.55,22,0,0,0,0
446.57,11,878.19,19,0,1,0,0
1793.49,10,865.2,189,0,0,0,0
292.88,16,921.91,101,0,0,1,0
6846.27,7,143.31,9,1,0,0,1
3566.86,16,683.51,41,0,0,0,1
685.96,20,618.41,108,0,0,0,0
197.72,22,319.58,90,0,0,0,1
4246.59,19,184.48,154,0,0,0,1
977.95,10,623.15,184,0,0,1,0
3781.27,1,1259.5,19,0,1,0,0
222.64,9,141.31,21,0,0,0,0
602.22,9,403.63,55,0,0,0,0
1102.4,10,719.76,49,0,1,0,0
1149.38,5,1306.3,195,0,1,0,0
699.2,3,551.46,126,0,0,1,0
2044.38,23,2118.79,160,0,1,0,0
377.05,11,226.52,191,0,0,0,0
951.1,10,198.31,153,0,1,0,0
1236.82,22,1224.92,174,0,0,0,0
1834.34,22,162.43,86,0,0,0,1
2234.15,12,877.36,149,0,0,0,0
356.15,4,557.4,139,0,1,0,1
236.49,5,387.38,93,0,0,0,0
3935.04,0,514.91,105,1,1,0,1
1528.92,5,306.91,44,0,0,0,0
518.8,17,549.49,172,0,0,0,0
5172.71,21,672.13,47,0,0,0,1
1231.11,8,518.15,77,0,0,0,0
3566.35,23,468.27,183,1,0,0,0
1173.23,14,774.7,27,1,0,0,1
8610.59,7,1800.36,99,0,1,0,1
6344.48,18,566.95,164,1,0,0,0
854.94,23,1087.89,163,1,1,0,1
2897.41,15,372.52,21,0,0,0,0
2090.95,5,298.73,116,1,0,0,0
4309.73,5,873.05,107,0,0,0,0
417.83,21,578.18,62,0,1,0,0
2177.76,2,1309.89,90,0,0,0,0
3160.31,9,1473.29,39,0,1,0,0
188.91,0,1100.42,34,0,0,0,0
335.88,13,1086.17,196,0,1,0,0
142.7,3,85.18,185,0,1,0,0
837.64,11,868.45,183,0,0,0,0
2247.43,5,1116.25,108,0,0,1,0
4926.37,10,310.11,169,0,0,0,0
1180.97,11,668.65,126,0,1,0,0
5589.33,9,355.8,138,0,0,1,1
275.86,17,1232.14,38,0,0,0,0
199.66,6,374.8,60,0,0,0,0
1037.38,6,413.35,29,0,0,0,0
1610.12,10,503.49,119,0,0,1,0
1061.36,3,2564.83,17,0,0,0,0
138.73,19,1215.37,67,1,0,0,0
1003.13,0,1750.33,106,0,1,0,1
297.53,12,224.11,198,0,1,0,0
2142.38,17,310.57,126,0,0,0,0
1582.24,8,1484.97,124,0,1,0,0
428.43,23,231.34,137,0,0,0,0
655.98,23,444.52,15,0,0,0,0
380.23,8,2282.91,113,0,0,1,0
1030.01,22,373.13,108,0,1,0,0
2850.19,8,223.05,115,0,1,0,0
409.23,9,684.36,176,1,0,0,1
1815.37,1,228.64,73,0,0,0,1
645.32,5,1397.37,106,1,0,0,0
496.27,14,388.81,6,0,0,0,0
985.32,2,344.76,172,0,0,0,0
389.46,10,676.97,41,0,0,0,0
630.4,5,521.83,122,0,0,0,0
331.0,2,773.87,53,0,0,0,0
7822.23,23,909.51,79,0,0,0,0
1135.99,10,583.84,168,0,0,0,0
544.72,14,331.34,79,0,0,0,0
1358.29,12,1031.02,38,0,1,0,1
980.12,19,438.76,62,0,0,1,0
879.22,9,394.87,115,0,0,0,0
2026.71,5,724.58,169,0,0,0,0
2339.07,14,209.1,100,0,0,0,1
645.16,17,840.94,64,0,0,0,1
616.58,17,748.04,144,0,0,0,0
832.93,6,1303.87,36,0,0,0,0
109.74,14,492.63,136,0,0,0,0
241.0,17,1472.77,110,0,0,1,0
4302.17,17,913.96,37,0,1,1,1
5681.48,19,654.54,47,0,0,0,1
854.88,8,1978.35,116,0,0,0,0
1951.9,23,704.25,111,0,0,0,0
1497.05,1,487.35,13,0,0,0,0
23834.3,7,716.45,183,1,1,0,1
3359.59,19,481.36,118,0,0,0,0
964.96,1,832.3,129,0,0,1,0
421.77,10,1469.11,24,0,0,0,0
219.98,6,661.96,171,0,1,0,0
1344.08,5,702.11,155,0,0,0,0
514.73,9,1073.52,45,0,0,0,0
264.47,4,1356.07,48,0,0,0,0
574.46,10,506.95,129,0,1,0,0
371.84,0,737.6,39,0,0,0,0
5926.22,1,1076.38,155,0,0,0,1
2648.21,23,810.76,62,0,0,0,0
1087.92,0,217.62,52,0,0,0,1
4817.18,18,1199.47,62,0,1,1,1
1184.85,1,910.26,105,0,0,0,0
463.46,20,949.91,61,0,0,1,0
5029.74,19,325.29,171,0,1,0,1
1879.78,22,728.83,160,0,0,0,0
388.68,20,1103.24,68,0,0,0,0
906.56,23,392.15,66,0,0,0,0
456.86,3,458.37,87,1,0,0,1
275.12,11,1114.64,117,0,0,0,0
2768.82,21,445.74,116,0,0,0,1
7401.34,19,586.92,66,0,0,0,0
270.81,17,357.53,98,0,0,0,0
1925.55,0,1982.2,89,1,1,0,1
572.12,0,909.03,30,0,1,0,0
673.76,23,570.64,183,0,0,0,0
606.44,13,510.08,125,0,1,0,0
462.21,3,318.3,54,1,0,0,0
1151.16,4,622.62,119,0,1,0,0
477.73,10,991.32,40,0,0,0,0
1437.21,23,409.16,158,0,0,0,0
1042.9,22,708.62,37,0,0,0,0
863.55,12,533.56,127,0,0,0,0
442.5,15,1522.44,104,0,0,0,0
615.99,23,453.95,72,0,0,1,0
2334.12,12,1060.29,77,0,1,0,0
1809.7,23,1535.2,140,1,0,0,1
412.59,21,530.45,198,0,0,0,0
1211.16,1,467.24,27,0,1,0,0
2324.79,15,1157.04,74,0,0,0,0
206.56,5,228.44,59,0,1,0,0
1888.16,13,861.23,175,0,0,0,0
565.31,0,258.48,114,0,0,1,0
1940.3,16,1384.99,153,0,0,0,0
511.19,10,571.77,154,0,1,0,0
180.39,18,629.88,13,0,0,0,0
215.39,2,430.72,166,0,0,0,0
1150.65,10,257.33,191,0,0,1,0
1421.86,4,1421.57,158,0,1,1,1
443.94,16,600.26,133,0,0,1,0
2076.82,21,4560.84,112,0,0,0,0
208.2,6,409.07,137,0,0,0,0
1026.51,9,451.23,173,0,0,1,0
326.68,10,388.25,195,0,0,1,0
571.44,2,598.43,154,0,0,1,0
1149.86,19,1711.51,72,0,0,1,0
463.86,9,1219.36,180,0,0,0,0
746.54,9,269.69,70,0,0,0,0
2999.78,13,1369.87,148,1,0,0,0
615.91,11,1001.92,57,0,0,0,0
2529.29,14,887.88,132,0,0,0,0
354.35,9,441.18,69,0,0,0,0
1862.74,9,461.3,68,0,1,0,0
4635.82,18,722.16,72,0,0,0,0
92.61,0,477.28,195,0,0,1,0
494.28,23,1462.03,66,1,0,0,0
1952.9,9,465.18,85,0,0,0,0
895.12,1,206.84,75,0,0,0,1
1589.45,16,304.64,118,0,0,1,0
599.45,23,316.47,177,0,0,0,0
1195.82,6,567.93,56,0,1,0,0
938.54,6,757.21,120,1,1,0,0
3525.52,19,686.96,129,0,0,0,0
1414.34,8,877.03,131,0,0,0,0
1537.02,21,571.71,69,0,0,0,0
726.42,1,583.97,134,1,0,1,1
673.44,13,1902.87,181,0,0,0,0
711.55,16,1370.89,26,0,0,0,0
1626.93,0,849.78,161,0,0,0,0
719.83,8,1152.86,167,1,1,0,1
1465.24,19,209.41,80,0,0,0,0
8737.69,20,406.05,156,0,0,0,0
2620.51,18,513.21,98,1,0,1,0
791.54,3,408.93,162,0,0,0,0
3645.37,7,263.11,174,0,0,1,0
729.18,12,856.05,75,0,0,1,0
142.86,3,1527.59,110,0,0,0,0
400.18,8,660.05,54,0,0,0,0
168.88,8,981.33,106,0,0,0,0
771.62,21,648.38,192,0,0,0,0
1117.02,17,510.31,117,0,0,0,0
5863.12,11,1154.61,34,0,0,0,0
1520.7,9,282.33,16,0,0,1,0
880.86,10,217.45,181,0,0,0,0
2513.43,6,279.95,86,0,0,0,0
120.16,8,1110.04,50,0,0,0,0
1387.99,5,700.87,175,1,0,1,0
2370.52,18,833.74,134,0,0,0,0
249.99,15,1819.2,101,0,1,0,0
3441.81,14,330.96,84,0,0,0,0
1538.4,6,1369.91,58,0,1,0,0
723.94,15,524.37,39,0,0,1,0
2064.79,4,478.66,56,0,1,0,1
10622.11,15,698.36,165,0,1,0,0
1315.36,0,767.12,88,0,0,0,0
1405.6,18,586.21,76,0,0,1,1
692.73,4,959.29,183,0,0,0,0
468.79,6,700.05,30,0,0,0,0
2515.77,18,590.16,194,0,1,0,0
465.87,21,518.13,65,0,0,0,0
1177.99,4,767.4,158,0,1,0,0
680.17,16,294.71,41,1,0,0,1
1770.43,21,349.09,162,1,0,0,0
1530.98,7,533.54,99,0,1,0,0
3094.99,0,922.35,15,0,0,0,0
658.51,1,2405.97,185,0,0,0,1
837.25,14,604.5,45,0,0,0,0
412.09,19,229.4,137,0,1,0,0
703.25,17,413.99,70,0,0,0,0
1599.27,10,987.66,145,0,1,0,0
2337.85,9,371.6,195,0,0,1,1
436.08,23,303.86,157,0,0,0,0
2616.53,23,984.57,176,0,0,0,0
4254.1,3,879.13,146,0,0,0,0
1658.11,4,274.92,73,0,0,0,0
7163.8,3,388.78,63,0,0,0,0
505.84,12,1403.61,188,0,0,1,0
315.87,12,1109.55,184,1,0,1,0
185.17,17,324.27,70,0,0,1,0
4895.37,23,201.68,72,0,0,0,0
2109.84,1,781.42,16,0,0,1,1
1037.34,15,556.89,72,0,0,0,0
1450.94,0,741.77,175,1,0,1,1
355.85,18,973.4,77,0,1,0,0
12654.3,8,374.74,10,0,0,0,0
1247.9,2,513.22,19,0,1,1,1
1223.41,6,387.83,46,0,0,0,0
2265.99,9,396.26,35,1,0,1,1
1774.03,0,933.42,185,0,0,0,0
1371.81,9,725.2,10,0,0,1,0
497.47,20,260.4,37,0,0,0,0
1757.18,8,1027.68,161,0,0,0,0
7201.36,14,539.13,25,0,1,0,0
4210.85,14,1056.48,128,1,0,0,0
5394.78,2,361.82,186,0,0,0,0
657.72,4,381.68,188,0,0,0,0
407.64,8,773.58,98,0,0,0,0
967.01,21,344.51,153,0,0,0,0
1159.48,8,564.01,104,0,0,0,0
3275.39,22,321.81,59,0,0,0,0
201.85,6,525.94,190,0,0,0,0
5062.17,23,652.55,68,0,0,0,0
936.35,22,671.26,90,0,0,1,0
715.6,11,534.4,178,1,0,0,0
398.57,8,812.41,26,0,0,0,0
209.59,5,726.82,64,0,0,0,0
2497.81,22,630.42,108,0,0,0,0
1180.06,1,456.91,143,0,1,0,1
301.88,8,1262.62,51,0,0,0,0
300.34,16,838.63,163,1,0,0,0
783.85,0,357.21,81,0,1,1,1
5819.8,18,981.74,22,0,0,0,0
845.91,5,1124.73,26,0,0,1,0
243.92,4,633.37,188,0,0,0,0
857.7,1,659.15,149,0,1,0,1
834.87,8,193.38,42,0,0,0,0
73.93,13,400.99,29,0,0,0,0
1038.68,3,1103.47,36,0,0,0,0
870.5,3,415.89,147,0,0,0,0
2199.99,20,604.31,17,0,0,0,0
6967.11,14,397.35,190,0,0,0,1
3383.16,7,763.94,182,0,1,0,1
838.08,3,842.39,15,1,1,0,1
362.66,15,856.01,17,0,0,0,0
14376.64,20,335.76,101,0,0,0,0
1163.54,3,709.12,182,1,0,0,0
1112.02,15,1712.9,105,0,0,0,0
1070.49,21,1042.2,42,0,0,0,0
1336.87,11,703.45,5,1,0,0,0
949.22,15,208.81,43,0,0,0,0
617.91,18,572.71,31,1,0,0,1
634.69,7,1786.15,40,0,1,0,0
1061.3,5,1467.28,164,0,0,0,0
636.88,9,877.3,173,0,1,0,0
537.62,4,431.99,147,1,0,0,0
1219.79,17,686.34,35,0,0,0,0
849.82,9,1057.95,131,0,0,0,0
4934.43,9,1169.49,10,0,0,0,1
77.4,6,802.37,93,0,1,0,0
3266.61,17,1111.01,184,0,0,0,0
3812.67,0,642.13,154,1,0,0,1
137.91,6,625.32,35,0,0,0,0
778.46,20,505.05,104,0,0,0,0
756.39,0,858.1,77,0,1,0,0
268.4,14,1212.21,50,0,0,0,0
503.8,3,1017.46,199,0,1,0,0
361.2,19,320.27,101,0,0,0,0
6325.03,9,330.73,175,0,0,1,1
2795.25,22,1289.72,5,0,0,0,0
3911.03,8,739.48,176,0,1,0,0
2256.73,1,757.02,61,0,1,1,1
354.59,13,746.85,13,0,1,0,0
649.03,15,1902.61,9,0,0,0,0
1788.93,0,508.89,83,0,0,0,0
323.07,1,1299.82,118,0,0,0,0
2237.24,6,765.22,13,0,0,0,0
862.36,9,254.6,177,0,0,0,0
753.84,21,405.49,28,1,0,0,0
2232.68,19,462.1,174,0,0,0,0
1710.03,0,1281.6,154,0,0,0,0
764.36,12,1389.05,107,0,1,1,0
3495.84,0,822.47,64,0,1,1,1
372.02,4,486.06,90,0,0,0,0
2030.29,15,385.06,169,1,0,0,1
1984.46,14,1316.26,120,0,0,0,0
804.69,16,307.74,171,0,0,0,0
1519.49,22,624.95,88,0,0,1,0
313.84,15,2748.15,94,1,0,1,0
2762.87,12,486.93,93,0,0,0,0
911.51,10,310.13,185,0,0,0,0
650.2,16,230.61,124,1,1,0,0
3130.69,16,2814.11,160,0,0,0,0
542.21,1,819.89,147,0,0,0,1
268.15,12,394.87,192,0,0,0,0
231.22,13,593.79,192,1,0,1,0
2010.24,10,446.85,10,1,0,0,1
304.77,9,217.43,56,0,0,1,1
6341.02,2,1067.28,144,0,1,0,1
136.74,16,678.77,23,0,0,1,0
5981.68,14,1015.35,79,0,0,0,0
1354.27,8,667.76,134,0,0,0,0
995.54,9,719.64,59,0,0,1,0
635.93,7,174.01,19,0,0,0,0
1634.57,20,1146.77,196,0,0,0,0
1056.13,12,346.2,104,0,0,0,1
3305.36,17,403.73,73,1,0,1,1
1229.33,4,484.58,147,0,1,0,0
1274.49,5,193.41,47,0,0,0,0
762.34,16,468.94,21,0,0,1,0
1035.93,10,449.75,102,0,0,0,0
1491.89,19,530.22,120,0,0,1,0
198.31,15,239.68,156,0,0,0,0
284.81,8,1160.52,78,0,0,0,0
2305.99,1,844.58,120,0,0,0,0
1300.97,4,396.06,34,0,0,0,0
912.34,0,469.22,71,1,0,0,0
1117.04,3,1099.81,55,0,0,0,0
1552.44,3,569.93,64,0,0,1,0
639.21,21,315.98,7,1,0,1,0
503.56,2,632.6,108,0,0,0,0
1333.88,8,346.3,9,0,0,0,0
412.25,21,434.97,32,0,1,0,0
1649.54,22,645.24,112,0,0,0,0
199.82,11,1252.79,143,0,1,0,0
3069.15,9,2239.47,105,0,0,0,0
1759.17,1,1506.54,80,0,0,0,0
1416.62,10,637.07,19,0,0,0,0
2929.8,9,2577.07,87,0,0,0,0
5799.2,21,929.79,52,0,0,0,0
3024.1,5,369.51,131,0,0,0,0
174.01,17,703.97,50,0,0,0,0
305.03,1,448.47,32,0,0,0,1
587.09,1,314.59,11,0,0,0,0
1125.62,9,328.81,98,0,0,0,0
1840.25,15,608.9,86,1,1,0,1
530.73,11,1045.79,92,0,0,1,0
1321.82,0,1262.59,138,0,0,0,0
515.23,20,315.19,190,0,1,0,0
594.95,7,554.49,72,1,0,0,0
268.63,15,890.65,59,0,0,0,0
435.62,17,728.59,199,1,0,0,0
283.81,12,1009.01,181,1,0,0,0
413.28,14,512.44,122,0,1,0,0
3145.23,20,1427.6,183,0,0,0,0
424.37,11,663.45,191,0,0,0,0
15250.72,7,1048.0,138,0,0,0,0
1796.0,9,529.29,112,0,0,0,0
1319.27,13,688.86,55,0,0,0,0
464.82,4,255.29,42,0,0,0,0
2209.03,17,402.6,143,0,0,0,0
616.69,18,587.29,184,0,0,0,0
1238.94,14,706.3,97,0,0,0,0
14187.05,5,3323.32,24,0,1,0,1
996.19,10,528.93,14,0,0,1,0
3460.86,20,291.2,30,0,0,0,1
542.84,10,1847.32,52,0,0,0,0
1058.93,19,1270.67,95,0,1,0,0
6443.33,19,332.32,118,0,0,1,1
585.83,20,879.33,18,0,0,0,0
6717.35,17,1097.87,104,0,0,1,0
2225.53,17,733.84,191,1,0,0,0
624.86,9,808.75,16,0,0,0,0
2064.01,1,455.16,120,0,0,0,1
2900.26,8,899.89,127,0,0,1,0
2042.26,13,495.31,27,0,0,0,0
228.1,18,136.01,89,0,0,1,0
529.99,9,748.27,76,1,0,0,0
856.18,22,243.33,171,0,1,0,0
1017.97,3,1221.82,126,0,0,0,0
2039.93,5,337.48,141,0,0,0,0
1309.89,13,152.66,99,0,0,0,1
288.49,3,230.08,29,1,1,0,0
1603.91,14,648.79,21,0,0,1,0
2019.46,15,743.9,174,0,1,0,0
1919.44,6,284.98,33,1,0,0,0
3231.76,16,349.52,192,1,0,0,1
2524.81,18,661.93,71,1,0,0,0
1735.72,18,1191.94,89,0,0,1,0
1022.32,16,321.81,61,0,0,0,0
208.31,5,835.06,76,0,1,0,0
1685.16,10,234.34,18,0,0,0,0
1349.77,15,803.95,43,0,0,0,0
1438.82,7,1046.78,148,0,0,0,0
305.9,10,910.98,22,1,1,0,0
372.02,6,1207.9,79,0,0,0,0
3143.69,23,1160.55,106,0,0,0,0
1054.1,21,2014.57,24,0,0,0,0
2167.87,18,709.93,121,0,0,0,0
1128.13,9,2018.15,178,0,0,0,0
1129.76,8,377.49,121,0,0,0,0
2802.55,3,588.04,177,1,1,0,0
654.55,22,620.79,8,0,1,0,0
1207.27,14,355.79,88,0,0,0,0
690.71,12,161.35,152,0,0,1,1
710.17,1,1120.55,143,0,0,0,0
804.99,1,380.71,118,0,0,0,0
1369.41,15,522.96,69,0,0,0,0
679.43,8,1721.16,150,0,0,0,0
3849.72,12,937.53,171,0,1,0,1
448.27,2,1889.61,48,0,0,0,0
909.71,8,715.03,122,1,0,0,0
706.46,12,928.24,104,0,0,1,0
4660.97,20,575.71,22,0,1,1,0
1334.82,21,399.73,179,0,0,1,0
3077.41,1,926.19,163,0,0,0,0
248.25,7,512.07,132,0,1,0,0
1432.32,8,979.18,171,0,0,0,0
2669.46,15,472.35,42,0,0,1,1
1190.68,1,598.71,179,0,0,1,1
3182.68,5,628.18,140,1,1,1,1
653.74,21,1269.25,108,1,0,1,0
4488.83,7,515.63,197,0,1,0,0
10925.97,4,1355.86,17,0,1,0,1
762.93,8,386.48,59,0,0,1,0
702.4,0,782.05,92,0,0,0,0
4690.92,8,440.29,89,0,0,1,1
5321.83,9,1299.13,113,1,0,1,1
650.11,22,407.0,47,1,0,0,0
720.4,3,432.66,136,0,0,0,0
827.34,2,313.0,75,0,0,0,0
285.87,9,707.56,192,0,1,0,0
437.62,14,948.26,16,0,1,0,0
401.76,10,888.8,63,0,0,0,0
508.88,13,610.0,186,0,0,0,0
1059.25,5,447.5,48,1,1,0,0
1386.05,11,562.73,20,0,1,1,0
5169.34,12,575.76,138,0,0,0,0
404.09,16,774.0,18,0,0,1,1
2934.59,15,742.71,119,1,0,0,0
885.37,2,1889.05,116,0,0,0,0
1043.71,1,681.15,127,0,0,0,0
2153.43,10,825.91,62,0,1,0,0
356.84,8,694.28,163,1,1,0,1
1607.46,2,546.73,173,0,0,0,0
1295.24,17,822.58,124,0,0,0,0
1794.45,19,516.77,39,0,0,0,0
1464.35,14,642.31,14,0,0,0,0
12775.7,13,1333.5,85,1,0,0,1
579.55,1,497.1,162,0,1,0,0
644.84,16,839.16,48,0,0,1,0
588.08,21,150.08,187,1,0,1,1
629.25,7,595.14,75,0,0,0,0
579.76,9,495.08,22,1,0,0,0
3601.18,17,714.91,87,0,1,0,0
4539.19,18,577.24,83,0,0,0,0
619.71,7,724.09,90,0,0,0,0
477.06,7,529.96,171,0,1,0,0
1757.09,2,838.66,46,1,0,0,0
631.3,2,237.75,186,1,0,1,1
2065.1,11,711.12,128,0,0,1,0
1343.35,21,379.08,34,0,0,1,0
240.87,16,1340.4,24,0,0,0,0
5153.88,3,375.43,130,0,0,1,1
6606.95,16,1208.5,100,1,0,0,0
594.2,13,660.56,129,0,0,1,0
744.19,18,222.01,46,1,1,0,0
1459.52,8,393.17,93,1,0,0,0
1532.2,20,1106.19,91,0,1,0,0
2118.67,11,1069.14,9,1,0,0,0
8186.2,4,305.02,54,1,0,0,1
918.79,10,1698.86,45,0,0,0,1
493.59,19,655.41,98,0,0,0,0
276.08,2,1131.06,171,0,0,0,1
527.99,20,321.47,61,0,0,1,0
1060.9,14,505.95,189,0,1,1,0
6598.24,13,853.67,169,0,1,0,1
653.53,10,551.2,139,0,0,1,0
1371.68,19,115.3,137,1,0,0,1
1078.77,7,593.2,55,0,0,1,0
3598.94,3,204.63,110,0,0,0,1
13724.43,11,349.88,140,0,1,0,0
644.92,7,286.65,188,1,0,1,1
672.2,5,1312.3,15,1,0,0,0
3115.55,14,1584.17,154,0,0,0,0
2168.72,11,816.43,102,1,0,0,0
6951.46,15,579.38,103,0,0,0,0
1966.34,15,676.55,143,0,0,0,0
765.64,20,1311.74,192,0,0,0,0
1979.61,19,202.34,100,1,0,1,1
3323.27,19,348.95,110,1,0,1,1
2491.11,3,1214.91,147,0,0,0,0
1821.24,10,1376.59,170,0,1,0,0
3186.49,12,947.51,5,0,1,0,0
3530.86,8,355.32,50,0,1,0,0
4368.43,3,1204.39,92,0,1,0,0
2097.94,11,1505.47,175,0,0,0,0
927.86,8,1023.47,26,0,0,0,0
1269.93,12,148.95,7,0,0,0,0
3664.73,15,716.77,146,0,1,0,0
484.47,5,944.96,134,0,0,0,0
1585.53,9,488.15,65,0,0,0,0
740.01,12,743.97,164,1,1,0,0
1128.61,6,488.79,42,0,0,0,0
3938.09,18,396.65,50,0,0,0,1
1327.56,23,1646.41,174,0,0,0,0
1148.76,18,756.76,138,0,0,0,0
281.5,16,342.55,45,0,0,0,0
2312.89,12,291.21,157,1,0,1,0
2091.18,12,396.79,143,0,0,0,0
9540.06,20,398.08,114,0,0,0,0
806.11,1,726.27,45,0,0,0,1
1365.33,9,890.1,61,1,0,0,1
1407.24,21,889.53,178,0,1,0,0
5310.56,12,424.08,127,1,0,0,1
996.95,8,1155.6,90,0,1,0,0
1449.57,0,1389.51,180,0,0,0,0
2014.04,13,569.08,67,0,0,0,0
1321.61,15,358.08,43,0,0,0,0
701.74,19,706.39,142,0,0,0,0
1331.54,14,2430.97,197,0,0,0,0
3208.73,0,352.49,191,0,0,0,0
392.87,16,485.07,168,0,0,0,0
1252.59,23,688.46,31,0,1,1,0
544.51,12,920.57,187,0,0,1,0
3622.96,14,202.08,85,1,1,0,1
239.08,15,1456.12,185,0,0,0,0
627.08,15,1444.29,111,0,0,0,0
1599.12,1,515.49,192,1,0,0,0
5247.59,16,3374.39,193,1,1,0,1
1026.85,10,1389.39,40,0,0,0,0
629.42,7,1345.7,89,0,0,1,0
7195.11,19,1356.32,159,1,0,0,1
257.75,2,1333.06,173,0,0,0,0
121.66,11,656.46,32,0,0,0,0
1702.77,19,618.58,20,0,0,0,0
663.78,15,377.61,39,0,1,0,1
394.95,13,470.4,168,1,1,0,0
2226.88,15,551.95,188,0,0,0,0
1399.4,20,691.79,103,0,0,0,0
623.86,16,1735.37,151,0,0,0,0
304.81,10,188.39,189,0,0,0,0
2624.01,16,1490.64,126,0,0,0,0
2101.07,18,362.45,165,0,0,0,1
993.09,21,624.71,27,0,0,0,0
6950.97,0,430.68,123,0,0,0,1
376.12,11,2023.46,67,0,1,1,1
238.53,14,492.76,74,0,0,0,0
549.0,17,909.48,154,0,0,0,0
1047.76,22,938.2,199,0,0,0,0
1398.76,13,331.62,84,0,0,0,0
861.58,0,627.62,63,1,0,0,0
1559.4,12,1370.04,157,0,0,0,0
313.71,14,393.89,21,1,0,0,0
4646.01,6,1093.76,43,0,0,0,0
1010.14,14,545.31,81,0,0,0,0
3351.94,19,1337.01,96,0,0,0,1
1544.92,9,1897.89,171,0,0,0,0
1731.52,13,199.4,28,0,0,1,1
1938.69,5,298.01,170,0,0,1,1
1715.93,13,511.27,92,0,0,0,0
2085.41,23,1602.39,189,0,0,0,0
4142.91,21,915.51,48,1,0,0,1
1334.78,11,315.18,40,0,1,0,1
2228.32,10,999.6,103,0,1,0,0
1002.51,19,384.43,74,0,0,0,0
4629.1,21,1121.38,126,1,0,0,1
557.58,23,919.09,128,0,0,0,0
6640.49,18,383.42,84,1,0,0,0
1053.47,1,639.33,49,0,0,0,0
262.23,21,1386.88,158,0,0,0,0
1246.51,19,213.74,143,0,0,0,0
554.99,0,796.85,184,0,0,0,0
2541.84,7,342.36,157,0,1,1,1
570.99,13,658.71,35,0,0,1,0
701.92,8,875.38,89,0,0,0,0
165.75,1,2225.87,49,0,0,1,0
697.63,22,654.73,119,0,0,0,0
97.14,4,1602.49,71,0,0,0,0
225.0,22,401.7,80,1,0,0,1
2345.88,7,494.22,44,0,0,0,0
2406.19,15,945.99,178,0,1,0,0
1678.17,21,750.74,186,0,0,0,0
416.97,15,546.18,45,1,0,0,0
1045.54,12,537.37,124,0,0,0,0
1092.69,19,1480.27,85,0,0,1,0
344.34,14,559.44,42,1,1,0,0
4931.5,0,360.5,104,0,0,1,1
2636.91,21,398.25,168,0,0,0,0
879.22,2,994.2,176,0,0,1,0
1126.52,5,2575.79,61,0,0,1,0
1350.71,21,485.71,70,0,0,0,0
142.35,13,2414.33,34,1,0,0,0
856.47,3,660.83,14,0,0,0,0
554.47,17,562.34,65,1,0,1,0
402.78,14,385.23,195,0,0,0,0
827.91,8,590.63,40,0,0,0,0
6618.91,17,422.55,58,0,0,0,0
2081.5,2,402.69,101,0,1,1,1
619.44,9,246.85,197,0,1,0,0
1944.16,16,1919.21,8,0,1,0,0
4444.2,6,1259.7,187,0,0,0,0
2764.55,14,782.86,58,0,0,0,0
1164.01,0,610.08,115,0,1,0,1
574.25,10,662.92,95,0,1,0,0
2204.43,16,417.32,93,1,0,0,1
1625.36,4,336.87,68,0,0,0,1
2684.35,6,1022.95,123,0,0,0,0
2069.73,18,568.31,96,0,1,0,0
3132.39,23,808.71,154,0,0,0,0
642.11,14,245.31,157,0,0,0,0
4094.48,2,550.45,85,0,1,0,1
1336.22,14,332.95,63,0,0,0,0
8736.46,4,889.3,189,0,0,0,1
550.49,22,1208.54,186,0,0,0,0
6222.73,11,1596.9,48,0,0,0,0
1336.64,19,456.05,184,0,0,0,0
571.68,4,338.07,80,0,0,0,0
675.95,2,517.41,148,1,0,0,0
796.04,8,437.21,105,0,0,0,0
1676.0,8,861.56,129,0,0,0,0
1849.8,6,286.67,20,0,1,0,0
617.88,1,232.15,59,0,1,0,0
1070.25,22,540.3,193,0,0,0,0
9341.95,22,1028.55,99,0,1,1,0
6170.55,20,359.07,83,1,0,0,1
1696.5,15,1107.07,81,0,0,0,0
1139.11,8,828.16,44,0,0,0,0
1236.49,12,1682.57,25,0,0,0,0
2025.39,18,411.02,70,0,0,0,0
394.34,19,253.69,140,0,0,1,0
847.78,16,952.53,14,1,1,0,1
206.73,5,786.76,189,0,0,0,0
1634.71,3,751.07,136,1,0,0,0
2094.76,0,354.71,47,0,0,1,1
676.42,17,1059.01,109,0,0,0,0
5292.19,18,454.84,67,1,0,0,1
321.9,8,750.87,175,0,0,0,0
253.57,12,504.85,199,1,0,0,0
1372.59,7,822.73,86,0,0,0,0
3124.71,22,324.71,55,0,1,1,1
5907.2,12,897.67,60,0,0,0,0
693.06,14,986.89,175,0,0,0,0
3224.98,10,713.08,156,0,0,0,0
1055.21,11,1783.51,38,0,0,0,0
922.76,13,753.17,63,1,0,0,0
2653.57,3,1154.3,134,0,0,0,0
2105.53,0,703.07,134,0,1,1,1
226.7,23,1094.05,142,0,0,0,0
4800.81,3,265.08,155,0,1,1,1
4359.41,18,678.42,147,0,0,0,0
586.66,8,338.27,122,0,0,0,0
1629.13,9,723.61,132,0,0,0,0
1797.28,3,837.58,21,0,0,0,0
1423.22,19,1079.76,86,0,0,0,0
632.51,8,892.43,18,0,0,0,0
560.25,12,543.42,85,0,0,1,0
1068.96,11,423.2,127,0,0,0,0
3543.0,10,163.12,20,0,0,0,1
1888.62,11,693.2,36,0,1,1,0
757.02,17,1316.48,27,1,0,1,0
2372.5,11,709.84,106,0,0,0,0
63.53,15,632.16,166,0,0,0,0
3459.11,4,724.76,102,0,1,0,1
192.54,19,527.09,148,0,1,0,0
763.23,11,747.68,166,0,0,0,0
357.93,20,521.66,108,0,1,0,1
300.46,10,387.87,130,0,0,1,0
3501.08,8,635.76,165,0,0,0,0
686.98,17,627.5,72,0,0,0,0
1550.77,2,2048.99,175,1,0,0,1
1046.37,19,410.18,68,1,0,0,0
1767.0,16,604.46,75,0,0,0,0
1184.2,13,570.21,22,0,0,0,0
303.99,0,508.46,117,0,0,0,0
2969.85,16,904.94,129,0,0,0,0
669.31,7,2547.27,131,0,0,0,0
231.23,4,548.67,65,0,0,0,0
714.72,4,906.45,79,0,0,0,0
4918.5,8,211.15,111,1,0,0,0
2566.3,2,525.25,152,0,1,0,1
773.83,18,1691.12,143,0,0,0,0
773.36,22,643.56,178,0,0,0,0
795.02,8,899.11,196,0,0,0,0
8749.47,21,457.76,85,0,0,0,0
1606.7,17,776.3,110,1,0,1,0
1685.88,15,1771.65,32,0,0,0,0
3072.61,0,331.61,180,0,0,0,0
1392.41,1,2469.88,167,0,0,0,0
846.37,13,263.07,12,0,0,0,0
901.13,13,497.05,95,0,0,0,0
1020.86,0,402.8,154,1,0,0,0
1056.56,15,564.83,125,0,0,0,0
2270.21,14,399.68,156,0,0,0,1
1155.1,14,381.9,70,0,0,0,0
2281.62,11,326.34,99,1,0,1,1
1011.59,15,978.9,68,0,0,0,0
1186.35,13,576.64,69,0,1,0,0
148.68,23,492.89,129,0,0,0,0
2741.68,14,787.89,18,0,0,0,0
1550.74,22,271.3,29,0,1,0,0
2975.03,14,799.37,104,0,0,0,0
60.57,18,628.75,109,0,0,0,0
8851.79,7,640.45,135,0,1,0,1
953.76,1,908.23,137,0,0,1,0
3321.54,1,1783.11,69,0,0,0,0
387.65,9,807.37,186,0,1,0,0
2023.88,2,589.97,23,0,0,0,1
382.44,22,327.15,110,0,0,0,0
587.71,16,158.46,58,0,0,0,0
7435.58,7,718.19,142,1,0,1,1
906.25,22,312.38,148,0,0,0,0
1362.99,3,144.87,108,0,1,0,1
2617.74,13,538.87,178,0,0,0,0
1800.25,20,767.92,161,0,0,0,0
1274.64,9,1039.59,19,0,0,0,0
1579.65,0,1257.34,52,0,0,1,0
12129.74,3,1124.88,143,0,0,1,0
1035.23,0,1143.15,38,0,1,1,0
1340.9,16,275.66,168,0,0,0,0
3135.85,16,608.04,162,0,0,0,0
3312.72,6,941.9,103,0,0,1,0
3594.03,22,683.91,23,0,0,1,0
2077.1,19,606.02,74,0,0,1,0
349.67,14,676.45,119,1,0,1,0
5616.32,12,770.72,165,0,1,0,1
348.51,1,635.15,100,0,0,0,0
1484.21,18,400.31,79,0,0,0,0
515.8,23,239.44,154,0,1,0,0
1028.51,12,588.5,40,0,0,0,0
1523.5,23,688.48,155,0,0,1,0
1512.26,10,683.99,67,0,1,0,0
1672.24,21,1178.21,158,1,0,0,0
5506.65,14,1310.76,192,0,0,0,0
1725.95,9,624.9,97,0,0,0,0
859.06,8,627.59,9,0,0,0,0
2875.8,8,938.12,186,0,0,0,0
3602.81,19,859.14,170,0,0,0,0
321.31,0,510.03,194,0,0,0,0
1993.01,16,987.73,29,0,0,0,0
2210.94,11,609.22,102,0,0,0,0
814.39,9,617.04,16,0,0,0,0
4340.34,4,862.79,154,0,1,0,1
943.83,17,555.18,141,0,0,1,0
1243.36,14,704.02,88,0,0,0,0
922.35,5,795.15,33,0,0,0,0
1113.85,6,1086.05,176,0,0,0,0
366.4,16,1041.99,113,0,1,1,0
259.81,5,780.73,31,0,1,0,0
5401.89,7,139.04,59,0,0,0,1
470.14,11,769.71,137,0,1,0,0
406.92,20,844.49,56,1,0,0,0
127.31,13,953.9,17,0,0,0,0
578.85,11,374.8,46,0,0,0,0
292.05,22,186.19,147,0,0,1,0
5664.73,9,1078.91,83,0,0,0,0
3010.37,21,319.03,22,0,0,1,0
551.06,19,1384.79,54,1,0,0,0
10429.94,14,470.04,6,0,1,0,1
2927.09,6,359.13,91,1,1,0,0
792.48,8,820.38,111,0,0,0,0
90.07,9,962.67,145,0,0,1,0
10839.4,9,928.85,51,0,0,1,0
273.26,15,898.72,93,0,0,0,0
211.58,6,434.99,182,0,1,1,1
3049.0,4,266.1,16,0,1,0,1
12578.6,22,526.47,17,0,1,1,1
4377.67,2,334.48,141,0,0,0,0
1927.37,17,862.24,63,0,1,0,0
1987.74,10,1123.89,177,0,0,0,0
2574.51,14,737.76,47,0,0,0,0
2342.39,20,664.76,78,0,0,1,0
1452.72,19,552.11,27,0,1,0,0
1217.07,4,1197.76,83,0,1,1,0
1030.1,23,221.79,177,0,0,0,0
515.96,11,322.57,27,0,0,1,1
828.26,3,1990.3,105,0,1,0,0
201.75,14,313.26,166,1,0,0,0
993.92,8,914.72,148,0,0,0,0
408.06,6,1034.91,195,0,0,0,0
363.73,9,209.4,113,0,0,0,0
1312.77,22,234.96,183,0,1,0,0
4411.64,12,1420.59,115,0,0,0,0
2747.14,7,371.01,164,1,0,0,1
228.04,11,377.14,170,1,0,0,0
407.63,21,486.62,188,0,0,0,0
2809.53,23,371.56,21,0,0,1,1
410.56,18,912.11,90,0,1,0,0
876.0,0,327.27,43,1,0,0,1
1900.84,15,204.5,45,0,1,0,1
416.4,21,1331.17,52,0,1,1,1
1218.5,16,337.06,160,0,0,0,0
288.87,17,423.6,81,1,0,0,0
601.02,10,1094.35,182,1,0,0,0
1509.87,17,693.77,5,0,0,0,0
222.96,6,1296.48,121,0,0,0,0
1703.56,17,1104.43,182,0,0,0,0
1075.31,7,506.71,23,0,0,0,0
1905.48,5,1228.01,63,0,0,0,0
1371.85,6,735.58,111,0,0,0,0
4290.42,22,464.5,199,0,0,0,0
1242.93,21,791.75,173,1,0,0,1
713.79,9,303.18,142,0,0,0,0
1239.29,10,1096.97,32,0,0,0,0
1888.05,12,1014.82,38,0,0,0,1
1151.55,8,714.95,43,0,1,0,0
1142.06,6,210.41,130,0,0,0,1
543.49,8,1329.61,87,0,0,0,0
565.15,12,864.59,110,0,0,0,0
269.72,2,656.04,188,0,0,1,0
6308.02,2,596.81,184,0,0,0,1
316.12,0,482.01,114,0,0,0,0
548.45,20,540.94,125,0,0,0,0
534.64,19,1055.25,111,0,0,1,0
2683.63,1,487.83,135,0,0,0,1
816.52,2,564.21,27,0,0,0,0
3818.99,14,616.12,149,0,0,0,0
559.2,23,626.33,75,0,1,0,0
1449.53,5,459.12,158,1,0,0,0
475.64,12,600.57,111,1,0,0,0
9368.88,20,817.29,150,1,0,1,0
334.42,0,386.49,50,0,0,1,0
1494.91,19,602.24,74,0,0,1,0
2066.84,18,2118.77,35,0,0,0,0
1658.72,0,640.41,97,0,0,0,0
911.15,20,380.6,141,0,0,0,0
963.12,21,354.8,122,0,0,1,0
1145.75,1,311.34,167,0,0,0,0
946.71,14,1765.64,85,1,0,1,0
2875.2,13,1217.81,64,0,0,1,0
10001.83,18,306.81,80,1,0,0,0
627.98,10,756.14,67,0,0,0,0
278.72,14,1387.0,104,0,0,0,0
1003.97,5,649.19,184,1,0,0,0
14468.21,19,495.23,52,0,0,0,0
490.94,8,2551.76,193,0,0,0,0
5648.34,4,212.04,156,0,0,0,0
5870.53,19,3227.78,78,1,0,0,0
630.44,1,689.52,62,0,0,0,0
1937.17,5,1442.68,196,0,0,1,0
5588.11,17,323.64,34,0,1,0,0
750.6,22,430.37,161,0,0,0,0
894.64,18,347.94,14,0,0,0,0
612.97,8,626.02,43,1,0,0,0
397.52,20,800.02,59,0,0,0,0
572.91,23,1261.53,32,1,1,0,0
322.49,5,238.2,150,0,0,0,0
1134.65,13,730.79,173,0,0,0,0
507.77,23,1137.91,122,1,0,0,0
1385.46,12,1273.23,118,0,0,0,0
231.39,10,510.65,79,0,0,0,0
1526.73,11,514.48,69,1,0,0,0
2523.82,18,629.41,85,0,0,1,1
149.35,18,743.7,104,0,0,0,0
1594.09,20,1453.25,104,0,0,0,0
3743.1,18,321.8,50,0,0,0,0
327.13,23,414.99,64,1,0,0,0
5840.5,12,299.21,141,0,1,0,0
1667.4,13,859.76,177,0,0,1,0
541.85,23,1287.97,192,0,0,0,0
1037.15,17,283.56,160,0,0,0,0
1916.64,11,701.5,101,0,0,1,0
1183.23,3,1233.24,7,0,1,0,1
1879.49,9,1065.0,183,0,0,0,0
436.73,16,1057.49,140,0,0,0,0
1299.01,3,325.73,118,0,0,0,0
266.74,11,1055.38,191,0,0,0,0
981.2,12,594.93,120,0,0,0,0
444.12,3,1264.08,193,0,0,1,0
525.56,9,870.88,62,1,0,0,1
3774.76,2,407.77,74,0,0,0,1
3265.96,14,786.26,97,0,0,0,0
2016.54,1,1086.93,144,0,0,0,0
367.85,16,490.87,141,0,0,0,0
799.18,5,718.58,109,0,0,0,0
3688.95,7,298.28,53,0,0,1,0
1263.6,2,924.65,87,0,1,0,0
11151.5,17,643.06,21,0,0,0,0
1625.09,21,1151.08,58,0,1,0,0
1328.82,0,909.16,116,0,0,1,0
805.03,15,520.97,176,0,0,0,0
1253.31,6,400.29,164,0,0,0,0
941.55,2,348.68,167,1,0,0,0
2226.33,22,490.56,53,0,0,0,1
2854.64,3,1132.59,186,0,0,0,0
499.7,8,231.88,148,0,0,0,0
289.68,4,357.3,89,0,0,0,0
174.83,18,1113.65,16,0,0,0,0
1822.55,14,1476.41,130,1,0,0,0
363.81,7,368.74,102,0,0,0,0
127.37,5,354.93,140,0,1,0,0
1617.41,17,1547.35,153,0,0,1,0
13266.53,18,617.6,52,0,1,0,0
1090.0,23,388.88,140,0,0,0,0
2536.37,14,1244.85,32,1,1,0,0
1190.14,6,899.72,84,0,1,0,0
993.38,9,1034.83,14,0,0,0,0
2749.23,5,401.23,56,0,0,1,1
820.35,13,832.88,147,0,1,0,0
1432.81,16,1404.97,136,0,1,0,1
1512.77,8,976.99,94,0,0,0,0
562.23,18,1155.08,66,0,0,0,0
2957.33,4,1543.62,111,0,1,0,1
920.61,22,859.72,136,0,0,1,0
515.05,6,473.87,45,0,0,0,0
1875.27,18,1125.82,103,0,1,1,0
446.54,19,342.6,59,0,1,0,0
1127.98,6,582.08,32,0,1,0,0
1086.68,23,946.57,105,0,0,0,0
3248.33,1,96.5,51,1,0,0,1
1762.87,22,773.93,141,0,1,0,0
1069.53,15,796.14,134,0,0,0,0
2484.35,12,336.45,199,0,0,0,1
4403.73,7,808.77,121,0,0,0,1
1915.65,5,745.44,112,0,0,0,0
1108.05,5,678.84,180,0,0,1,0
295.35,8,1357.85,73,0,0,0,0
378.0,3,1127.04,32,0,0,0,0
808.17,10,976.51,83,0,0,0,0
596.15,4,359.77,18,0,0,0,1
909.62,16,658.26,50,0,0,1,0
1160.55,19,1353.79,145,0,0,0,0
1862.53,6,584.76,20,0,0,0,0
1021.98,14,1690.12,172,0,0,1,0
1783.8,14,993.78,162,0,0,0,0
1169.67,13,1855.18,85,0,0,1,0
152.1,12,350.58,197,1,0,0,0
428.66,10,606.2,62,0,0,0,0
949.48,12,641.57,52,0,0,1,1
327.11,21,956.9,53,1,0,0,0
1998.05,23,427.02,93,0,0,0,0
5068.25,8,253.52,134,0,1,0,1
3709.91,9,834.57,18,1,1,0,1
885.86,3,533.85,107,0,0,0,0
4869.4,16,501.49,125,0,0,1,1
1272.41,13,438.92,149,0,1,1,0
782.83,23,716.47,127,0,0,0,0
593.83,17,348.59,163,0,0,1,0
810.4,10,591.99,142,0,0,0,0
743.84,15,404.55,74,0,1,0,0
1300.39,0,461.51,107,0,0,0,0
1287.65,6,822.45,106,1,0,0,0
1099.98,9,983.23,169,0,0,0,0
1697.54,8,553.54,68,1,1,0,0
3607.05,2,1188.8,162,0,0,1,0
2834.31,21,371.06,166,0,0,0,0
248.42,22,267.22,22,0,0,0,0
85.29,13,298.33,67,0,0,0,0
2791.46,14,348.89,53,0,0,1,1
279.53,1,302.56,60,0,0,0,0
875.88,23,2236.56,95,0,0,0,0
340.32,13,262.4,62,0,0,0,0
180.91,15,1167.31,159,0,0,1,0
1884.58,6,655.19,59,0,1,0,0
2342.92,3,761.1,89,1,0,0,1
616.15,17,386.28,23,0,0,0,0
82.18,23,808.57,155,0,0,0,0
635.08,4,384.39,107,1,0,1,1
1622.63,5,1157.09,116,0,0,0,0
249.91,6,1215.98,112,0,0,0,0
1317.33,14,613.44,51,0,0,0,0
1079.97,0,638.03,111,0,0,1,1
1957.24,23,862.33,198,0,0,0,0
1235.93,3,836.28,183,0,1,0,0
414.44,0,1229.65,88,0,0,0,0
3628.49,10,1208.95,160,0,0,0,0
935.86,17,653.73,132,0,0,0,0
1067.1,13,499.53,189,0,0,0,0
431.27,21,1082.44,62,1,0,0,0
703.96,10,605.61,147,0,0,0,0
452.69,9,712.12,148,0,1,0,0
922.47,16,914.33,101,1,0,0,0
6073.61,3,1194.32,51,0,0,0,0
278.13,23,777.83,195,0,0,0,0
218.42,14,467.63,144,0,0,0,0
4775.1,15,1955.12,107,0,0,0,0
889.51,20,1666.04,175,0,0,0,0
561.68,12,361.12,88,0,0,1,0
3102.32,8,384.88,161,0,0,0,0
598.47,10,415.05,53,0,0,0,0
6809.06,10,1106.69,135,0,0,0,0
2160.13,5,2000.37,116,0,1,0,0
673.23,0,490.9,64,0,0,0,0
9483.5,21,736.24,70,0,0,0,0
598.42,5,423.45,91,0,0,0,0
2303.29,12,1844.78,130,0,0,0,0
1479.25,21,1091.05,30,0,0,0,0
4030.89,23,405.54,75,0,0,0,0
5226.57,21,188.41,78,0,0,1,1
1132.3,4,1239.61,51,1,0,0,1
516.25,14,471.78,80,0,0,0,0
1737.1,17,1102.83,100,0,0,0,0
556.84,19,793.31,174,0,0,0,0
8212.29,13,221.28,35,0,0,1,1
1257.07,14,409.91,26,0,1,0,1
761.03,4,537.81,21,1,0,0,1
1319.07,3,443.42,152,0,0,0,0
285.11,1,713.16,140,0,0,0,0
415.04,6,846.26,102,0,0,0,0
3642.46,9,1946.16,53,0,0,1,0
568.56,15,883.0,91,0,1,0,0
384.94,9,1627.27,42,0,0,0,0
1875.54,17,499.65,57,0,1,1,1
3589.27,16,1338.26,32,0,0,0,0
2250.6,20,529.15,81,0,0,0,1
2969.2,12,383.67,161,0,0,1,1
514.5,0,374.07,143,0,0,0,0
264.59,0,136.3,179,0,1,1,1
4921.33,14,1110.37,177,0,0,0,0
794.19,0,306.7,22,0,1,1,1
853.35,5,1548.26,54,0,0,0,0
4138.94,12,599.12,93,0,0,0,0
1912.62,0,261.67,181,0,0,1,1
1730.02,4,340.14,154,1,0,0,1
9556.74,8,745.74,49,0,0,0,0
576.22,16,215.3,193,0,0,0,0
2773.43,15,947.63,131,0,1,0,0
1160.97,7,267.79,97,0,0,0,0
1434.53,16,426.93,25,0,0,0,0
5056.7,14,749.37,193,0,0,1,0
1822.27,23,880.57,80,0,0,1,0
1878.63,0,1073.45,168,0,0,0,0
3205.13,11,303.71,156,1,1,1,1
761.32,4,552.76,164,0,0,0,0
473.8,23,1281.52,95,1,0,1,1
385.75,5,552.84,191,0,0,1,0
153.49,0,793.59,100,0,1,0,0
8571.58,0,733.23,100,1,0,0,1
363.87,9,1452.07,79,0,1,0,0
878.97,9,502.93,114,0,0,0,0
831.46,2,288.89,86,0,0,0,0
1491.3,16,372.14,132,0,0,1,0
2479.31,18,744.94,107,0,0,0,0
2592.75,10,259.38,137,0,0,1,1
612.12,17,479.79,148,0,0,1,0
927.86,1,695.93,143,0,0,0,0
1454.74,8,419.91,39,1,1,0,1
855.18,23,809.25,116,0,0,0,0
5471.71,16,1027.26,174,0,1,0,1
1791.8,13,873.88,91,0,0,0,0
2286.73,3,262.83,123,0,0,1,1
2127.88,16,697.5,102,0,1,0,0
3545.64,16,731.04,85,0,0,0,0
1314.25,11,529.24,142,1,0,0,0
299.82,19,802.7,86,0,0,0,0
1635.47,17,785.61,140,0,1,0,0
571.72,2,629.85,30,0,0,1,0
646.38,10,364.1,7,0,0,0,1
1971.13,17,654.6,63,0,0,0,0
3783.04,3,2038.89,120,0,0,0,0
1120.21,16,525.64,135,1,1,0,0
1493.43,17,1246.86,170,0,0,0,0
6016.22,4,680.83,134,0,0,0,1
1395.14,13,411.4,149,0,0,0,0
14789.65,9,556.71,40,0,0,0,0
1930.45,14,658.44,90,0,0,0,0
188.53,0,985.48,102,0,0,0,0
2329.34,15,2773.95,128,0,0,0,0
1605.45,10,687.32,77,0,0,0,0
3982.85,22,317.82,114,0,0,0,0
2149.91,19,246.47,126,0,0,0,0
954.84,5,516.42,134,0,0,0,0
322.37,23,338.03,166,1,0,1,0
889.78,21,929.59,31,0,0,1,0
468.47,15,933.7,169,0,0,0,0
613.68,1,609.36,154,0,1,0,0
1975.5,0,986.76,72,0,0,1,0
5824.94,23,691.49,18,0,0,1,0
1627.29,23,2039.67,102,0,0,0,0
331.66,8,968.43,27,0,0,1,0
1710.61,21,1138.39,176,0,1,0,0
3628.71,11,278.98,197,0,0,0,0
595.99,16,329.4,119,0,0,0,0
959.09,14,886.52,116,1,0,1,1
1112.86,18,262.56,100,1,0,0,0
500.25,21,457.29,82,0,0,0,0
2097.04,9,1349.71,65,0,0,0,0
971.7,11,451.46,89,0,0,0,0
1668.25,13,321.87,187,0,0,0,0
451.47,8,992.8,75,0,0,0,0
708.07,12,2307.96,89,0,0,0,0
2258.33,2,409.45,54,0,0,0,0
755.34,20,1386.33,144,1,0,0,0
6166.98,13,379.97,19,0,0,0,0
735.36,20,621.74,149,0,1,0,0
1372.91,9,638.12,38,0,0,0,0
2786.64,15,416.05,39,0,0,0,0
265.51,6,1124.66,43,0,1,0,0
188.52,3,264.06,187,0,1,0,0
238.49,19,747.72,191,0,0,0,0
3876.1,22,1267.12,137,1,0,1,0
631.53,10,1069.88,34,0,0,0,0
14160.32,15,893.13,136,0,1,0,0
623.75,19,1721.89,147,0,0,0,0
1318.9,3,583.02,107,0,0,0,0
5126.15,21,266.44,167,1,1,0,1
8152.61,21,721.35,78,0,0,0,0
8617.1,22,616.8,59,0,0,1,1
3671.54,16,186.89,198,0,0,0,0
3053.56,12,338.64,64,0,0,0,0
1983.32,10,313.7,28,0,0,0,0
2388.36,2,408.01,26,0,0,1,1
631.95,8,538.77,176,0,0,0,0
483.86,5,551.3,36,1,1,1,1
1092.94,21,416.85,99,0,0,0,1
925.02,20,313.45,87,0,0,0,0
696.99,10,834.2,183,0,0,0,0
2200.38,15,713.33,7,0,0,0,0
2850.66,18,726.33,74,0,0,0,0
1198.0,4,1934.12,164,0,0,0,0
4805.57,13,733.42,134,1,0,1,1
350.13,16,533.79,92,0,0,0,0
903.56,2,624.23,113,0,0,0,0
535.49,3,705.77,63,0,1,1,1
169.6,15,962.44,81,0,0,0,0
1009.61,15,647.53,18,0,0,0,0
970.93,20,207.32,55,0,0,0,0
4981.32,3,511.81,143,0,1,0,1
2060.72,18,665.74,82,0,0,1,1
393.79,16,1454.65,84,1,0,0,0
7002.99,12,415.08,14,0,1,1,1
3718.34,21,249.35,84,0,1,1,1
1962.74,22,691.34,128,0,1,0,0
874.38,23,1118.5,190,0,0,0,0
420.13,0,525.29,38,0,1,0,1
755.81,11,2778.95,125,0,0,0,0
3257.61,3,2412.69,84,0,0,0,0
7219.83,10,636.84,57,1,0,0,1
5131.96,4,743.99,160,0,0,1,1
672.6,1,1512.08,22,0,0,0,0
357.95,16,630.24,158,0,0,0,1
1262.55,7,410.57,106,0,0,0,0
187.08,5,1133.83,139,0,0,0,0
1515.0,20,878.88,177,0,0,0,0
946.15,8,409.77,102,0,0,0,0
688.12,12,786.43,49,0,0,0,0
222.58,10,604.24,39,0,0,0,0
1832.8,15,527.92,184,0,0,1,0
643.74,15,415.09,118,0,0,0,0
340.39,1,715.4,25,0,0,0,0
62.04,9,567.07,160,0,0,0,0
1066.87,11,789.05,100,0,0,0,0
6452.68,7,1087.79,48,0,0,1,0
5774.8,10,764.28,84,0,0,0,0
694.3,9,772.17,60,1,0,1,0
600.52,12,480.72,142,0,1,1,1
1752.46,16,1345.62,155,0,0,0,1
404.08,6,399.77,180,0,0,0,0
1482.95,23,252.85,184,0,1,1,1
2359.21,2,349.82,147,0,1,0,1
3740.35,19,1237.14,59,0,0,0,0
992.12,12,875.98,47,0,0,0,0
894.55,18,1461.42,54,0,0,0,1
455.78,6,300.72,10,0,0,0,0
479.68,8,2676.14,165,0,0,1,1
874.39,18,561.04,66,1,0,0,0
1583.46,12,231.32,59,0,1,0,1
2734.17,21,2483.61,171,0,1,0,0
491.19,7,303.06,144,0,1,0,0
4878.97,21,523.88,120,0,0,0,0
836.21,17,587.9,35,0,0,1,0
1073.45,22,868.22,78,0,0,0,0
519.46,1,413.73,185,0,0,0,0
97.1,17,1240.89,38,0,0,0,0
2654.59,17,1045.43,173,0,0,0,0
2291.23,10,672.79,14,1,1,0,0
827.72,0,1472.32,56,0,1,0,0
1172.61,13,638.6,189,0,0,0,0
1837.09,15,563.75,82,0,0,0,0
229.86,10,2205.84,7,0,0,0,0
646.1,0,794.28,189,0,1,0,0
2426.64,6,368.19,165,1,0,0,1
312.85,15,399.35,139,0,1,0,0
1470.79,13,672.75,8,0,0,0,0
282.43,14,157.78,171,1,1,0,0
1748.35,13,454.96,52,1,0,0,0
1058.24,20,626.26,78,0,1,0,0
218.08,10,601.65,83,0,1,0,0
3514.81,15,312.79,148,0,0,1,1
526.06,18,508.21,170,1,0,0,0
487.72,16,1350.03,8,0,1,0,0
1340.19,5,1192.6,8,0,0,0,0
3458.66,10,704.42,124,0,0,0,0
397.1,16,638.2,123,0,1,0,0
1166.4,8,603.67,159,1,1,0,1
1683.81,17,766.46,21,0,0,0,0
2193.18,16,707.36,100,1,0,0,0
1308.24,11,807.94,74,0,0,0,0
759.74,22,898.81,186,1,0,0,1
479.34,21,321.61,101,0,1,0,0
1195.29,21,552.16,12,0,0,0,0
375.35,4,749.01,118,1,1,0,1
59.07,10,372.6,185,0,0,0,0
1696.9,3,443.95,9,0,0,0,0
2707.92,3,583.63,51,0,1,0,1
103.24,2,601.06,44,0,0,0,0
399.52,23,757.45,126,1,0,0,1
2036.84,22,399.89,139,0,1,1,0
8582.63,16,1188.93,144,0,1,0,1
1119.67,6,598.1,98,0,0,0,0
529.53,3,725.69,157,0,0,0,0
913.34,22,532.78,32,0,0,0,0
4336.73,12,766.16,175,0,1,0,0
574.81,11,1812.99,81,0,1,0,0
493.15,0,529.82,179,1,0,0,1
676.72,20,479.77,53,0,0,0,0
422.7,18,404.2,90,0,1,0,0
1239.76,20,641.77,58,0,0,0,0
5567.37,19,637.32,22,0,1,0,0
1514.86,17,685.99,31,0,1,0,0
852.05,10,880.91,76,0,1,0,0
819.09,19,816.72,138,0,0,0,0
229.71,2,656.21,126,1,0,1,1
2652.11,16,2147.98,109,0,0,0,0
1014.51,11,1006.68,73,0,0,0,0
915.55,9,346.0,75,1,0,0,0
26718.4,7,263.19,154,0,0,0,0
1478.46,14,438.17,191,1,0,0,0
517.09,4,728.94,179,0,0,0,0
715.97,3,416.67,121,0,0,0,0
3458.0,20,456.42,36,0,1,1,1
1228.16,19,675.63,113,0,0,0,0
260.27,18,541.76,101,0,0,0,0
2749.65,20,194.68,5,0,0,0,0
562.2,3,1269.41,186,0,0,0,0
7138.78,14,1104.31,178,0,1,0,0
3229.39,16,307.64,173,0,0,0,0
701.12,11,688.24,112,0,0,0,0
3948.21,2,340.38,118,1,0,0,1
1173.63,9,461.61,45,0,1,1,0
2572.86,14,890.42,12,1,0,0,0
1780.65,9,1081.42,164,0,0,0,0
470.43,23,1066.34,34,0,0,0,0
576.2,22,770.4,50,0,0,0,0
3071.62,17,1429.56,109,0,0,0,0
784.64,0,461.12,184,1,1,0,0
732.42,2,526.8,100,0,0,0,0
421.95,20,140.22,65,0,1,0,0
1675.05,11,629.02,145,0,0,1,0
8625.9,0,941.82,93,0,0,1,1
377.08,2,789.31,172,0,1,0,1
1123.52,2,457.41,130,0,0,0,0
4501.75,4,1104.02,65,0,0,0,0
1012.68,18,636.32,124,0,1,0,0
1723.95,0,1053.48,176,0,1,0,0
379.03,3,890.42,194,0,0,0,0
1682.96,3,1563.54,125,0,0,0,0
909.46,16,815.35,176,0,0,0,0
2938.72,13,959.07,52,1,0,0,0
3595.31,17,635.22,63,0,0,0,0
14611.49,0,491.9,189,0,0,0,1
1957.91,21,892.87,15,0,0,0,0
1518.98,15,1638.67,29,0,0,0,0
1331.93,2,459.65,193,0,1,0,0
770.34,22,573.13,50,0,0,1,0
1538.38,20,675.86,58,0,0,0,0
816.15,8,1003.19,38,0,1,1,0
1297.85,22,818.34,88,0,0,0,0
4095.31,3,1150.37,139,0,0,0,0
400.8,20,2174.05,66,1,0,0,0
3428.5,4,453.35,61,1,1,0,1
4093.33,10,958.95,97,0,0,0,1
974.51,20,806.24,120,0,0,0,0
131.39,8,672.78,80,0,1,1,1
597.16,2,956.85,137,0,0,1,0
4011.8,5,566.75,80,0,1,0,1
1071.84,23,807.41,167,0,0,0,0
403.71,10,303.94,41,0,1,0,0
661.97,8,481.41,192,1,0,0,0
2541.78,14,1247.02,197,1,1,0,1
1894.54,22,1218.59,148,0,1,0,0
863.56,2,777.17,34,1,1,0,1
759.89,0,506.83,46,0,0,0,0
741.18,19,1091.34,65,0,1,0,0
435.98,21,1396.73,52,0,0,1,0
5515.82,18,519.35,194,0,0,0,0
794.47,13,277.82,88,0,1,0,0
3703.96,16,870.86,97,1,0,0,1
5020.66,21,1150.86,196,0,0,0,0
2975.93,13,946.23,189,0,0,1,1
712.21,16,1701.13,72,0,0,0,0
1642.1,13,1705.44,50,0,0,1,0
1070.42,11,553.78,117,0,0,0,0
444.21,15,749.49,32,0,0,0,0
1516.8,0,493.77,81,0,0,0,0
337.3,12,360.24,125,0,1,1,0
3596.37,5,373.13,7,0,0,0,0
689.1,16,1022.71,41,0,0,0,0
1340.98,11,797.7,180,0,0,0,1
1455.77,22,1134.53,151,0,0,0,0
846.49,18,3038.06,96,0,0,1,1
1971.78,5,897.78,87,1,0,0,0
682.05,6,414.57,21,0,0,0,0
2620.96,0,1237.78,125,1,0,0,0
285.44,0,409.97,91,1,0,0,1
1244.36,4,1898.85,44,1,0,1,0
7623.03,5,203.8,182,0,1,0,0
403.3,15,479.18,77,0,0,0,0
556.83,15,966.12,33,0,0,0,0
1833.36,13,1348.18,183,0,1,1,0
1312.36,0,443.11,46,1,1,0,1
1557.18,12,397.44,33,0,0,0,0
1788.6,19,727.07,70,1,0,1,0
2068.79,9,2091.0,128,0,0,0,0
3326.58,23,264.27,149,0,0,0,0
1652.13,9,550.89,124,0,0,0,0
861.56,8,777.52,113,0,0,0,0
2148.6,12,412.58,163,0,1,1,1
7331.11,2,411.73,96,0,0,0,0
960.42,17,578.23,116,0,0,0,0
413.84,19,792.84,56,0,0,0,0
3317.88,1,591.68,171,0,0,0,0
972.26,16,1602.53,64,0,0,0,0
124.88,18,949.15,98,0,0,0,0
2559.13,22,837.06,183,0,1,0,0
642.05,12,1232.24,148,0,1,1,1
1001.71,12,845.97,102,0,0,0,0
1528.41,0,509.84,18,0,1,0,0
1326.77,1,567.99,174,0,0,0,0
2229.32,0,337.76,55,0,0,0,1
709.47,23,2214.82,28,0,0,0,0
1831.89,4,1162.62,111,0,0,1,0
845.94,23,143.2,175,0,0,0,0
2295.74,2,1480.12,77,0,0,0,0
2029.14,6,276.01,151,0,1,0,1
430.33,23,909.05,88,0,0,0,0
3248.61,21,177.25,65,0,0,1,0
641.65,12,514.46,110,0,0,0,0
2460.35,22,1487.07,98,1,0,0,0
1583.33,17,1537.6,67,0,0,0,0
6892.46,23,799.56,158,0,1,0,1
877.02,20,1066.86,99,0,0,1,0
773.31,6,284.82,39,0,0,0,0
1075.54,0,918.74,71,1,0,0,0
809.83,4,1108.3,60,0,0,0,0
2440.46,16,3108.35,44,1,0,0,0
217.82,7,457.63,161,0,0,0,0
382.34,14,671.68,138,0,0,0,0
376.98,19,697.06,184,0,0,0,0
2836.45,3,1011.46,133,1,0,0,0
6066.96,1,1128.12,184,0,0,0,0
987.87,4,1257.08,28,0,0,0,1
926.28,0,1203.24,106,0,0,0,0
1176.21,4,273.51,166,0,0,0,0
3504.76,5,138.67,119,0,1,0,1
433.83,1,488.52,139,0,0,0,0
1391.82,0,651.16,79,0,1,0,0
2907.93,3,460.37,15,0,1,0,1
1810.02,6,504.81,40,1,1,0,0
1325.55,21,543.62,152,0,1,0,0
2984.08,0,940.55,67,1,0,0,1
73.46,0,357.73,84,0,0,1,0
2160.03,7,634.8,195,0,0,0,0
570.16,19,637.72,92,1,0,0,1
175.8,15,927.8,34,1,0,0,0
1828.41,20,1335.61,162,0,0,0,0
4331.45,12,1827.06,107,0,0,0,0
955.8,22,425.13,116,0,0,0,0
2843.74,23,200.34,88,0,1,0,1
5498.76,22,575.27,154,0,1,0,1
4084.34,17,256.42,109,0,0,0,0
5653.13,19,3431.48,193,1,0,0,0
2303.37,9,393.97,25,0,0,0,0
1182.56,11,932.9,41,0,0,0,0
220.97,0,1164.96,31,0,1,0,0
857.43,9,815.97,106,0,0,0,0
471.89,8,2312.38,167,0,0,0,0
9613.68,2,589.05,42,1,0,0,1
919.76,18,403.05,64,0,0,0,0
1240.42,8,390.73,74,0,0,0,0
1903.57,9,1043.15,36,1,0,0,0
1145.51,18,593.55,84,0,1,1,0
5973.28,15,390.77,159,1,0,0,0
588.37,23,866.78,135,0,0,1,0
1332.23,17,1017.95,181,0,0,1,0
521.93,13,782.73,106,0,0,0,0
292.94,2,1141.11,106,1,1,0,0
594.8,1,701.25,34,1,0,0,0
1056.76,0,465.83,26,0,1,0,0
713.87,17,1082.3,23,0,1,0,0
548.71,23,389.92,35,1,1,0,0
268.72,8,337.87,24,0,0,0,0
1009.18,12,1330.85,151,0,0,0,0
243.54,1,539.85,134,0,1,0,0
2345.04,6,1806.98,44,1,1,0,1
1190.87,15,1112.05,171,0,0,1,1
255.3,20,515.79,95,0,0,0,0
804.96,18,890.46,76,1,0,0,0
516.9,14,3032.15,113,0,1,0,0
1508.96,21,1045.83,186,0,0,0,0
4189.98,10,942.96,31,0,0,0,0
168.15,0,465.53,83,1,0,0,0
1230.32,20,2011.69,144,0,0,0,1
934.37,6,1466.69,82,0,0,0,0
2145.96,19,468.09,21,0,0,0,0
1357.22,7,2055.45,88,0,0,0,0
516.99,9,734.25,142,1,0,0,0
797.07,4,401.73,151,0,0,0,0
494.71,8,464.47,162,0,0,0,0
3216.37,0,1126.22,162,0,0,0,0
1120.26,1,403.39,157,0,0,0,0
7340.71,18,343.14,92,1,0,0,1
1032.09,13,511.16,78,0,0,0,0
540.01,19,559.08,131,0,1,0,0
241.36,9,444.08,198,0,1,0,0
180.7,8,506.56,106,0,0,0,0
224.95,9,1153.04,100,0,0,0,0
1432.43,5,775.81,167,1,0,0,0
1823.89,16,488.15,55,0,1,0,0
225.61,5,514.55,105,0,0,0,0
2683.93,3,614.62,75,0,0,0,0
676.5,19,636.1,75,1,1,0,0
1270.03,2,637.71,159,0,0,0,0
5498.45,22,1127.94,14,0,0,1,1
2688.77,18,748.61,101,0,0,0,0
838.38,17,761.95,175,0,0,0,0
449.8,23,1565.67,187,0,1,0,0
127.51,3,2050.81,138,1,0,0,0
534.24,7,317.8,10,0,0,0,0
887.91,16,257.92,81,0,0,0,0
408.63,4,539.35,180,0,0,0,0
961.74,12,1064.09,81,0,0,0,0
1184.23,0,833.47,6,0,0,0,0
875.81,12,1251.95,55,0,0,0,0
572.49,3,525.62,193,0,0,0,0
1298.1,21,205.61,151,0,0,0,0
1706.06,23,292.93,125,0,0,0,0
368.56,13,933.41,132,0,0,0,0
4495.95,2,1257.72,6,0,0,0,0
993.68,4,211.86,55,0,0,0,0
1117.5,6,1550.6,158,0,0,0,0
2226.56,0,879.0,74,1,0,0,0
1384.67,22,637.62,24,0,0,0,0
2844.48,11,456.64,27,0,0,0,1
1461.36,10,1727.96,58,1,0,1,1
594.41,23,1139.34,147,0,0,0,0
1574.2,7,892.92,138,0,0,0,0
349.42,5,428.87,167,0,0,0,0
1222.39,21,1751.99,140,0,0,0,0
1060.79,1,677.37,61,0,1,0,0
890.59,18,795.85,182,0,1,0,0
964.36,19,694.95,181,0,0,0,0
167.03,19,420.17,119,0,1,0,0
633.51,23,805.8,153,1,0,1,0
1203.33,13,1010.46,127,0,0,0,0
1286.73,0,510.32,40,0,0,0,0
392.42,9,765.44,75,0,1,0,0
3888.22,15,688.9,73,0,0,0,0
461.2,3,1151.8,62,0,0,1,0
2891.29,10,555.93,67,0,1,0,1
1681.08,15,762.0,20,0,1,1,0
574.66,19,864.63,138,0,0,0,0
6472.46,0,548.43,82,0,0,0,0
332.41,15,405.36,126,0,0,0,0
2749.44,18,446.95,184,0,0,0,1
2982.69,20,850.24,6,0,1,0,1
560.81,21,577.56,118,0,0,0,0
4413.69,8,572.98,118,0,1,0,0
854.02,8,955.74,128,0,0,1,0
1463.66,8,1226.22,150,0,0,0,0
1422.71,16,1359.71,167,1,0,1,1
958.81,11,460.59,90,0,0,0,0
2467.12,12,1157.07,171,0,0,0,0
2424.76,7,2323.87,133,0,0,0,0
190.85,15,717.41,169,0,0,0,0
4041.37,17,636.52,25,0,0,0,0
207.99,0,561.69,5,0,0,1,1
3079.57,0,351.34,136,0,0,0,0
3383.63,11,1102.52,62,0,0,0,0
368.35,5,638.22,5,1,0,0,0
727.19,8,608.0,145,0,0,0,0
362.96,22,1004.66,178,0,0,0,0
884.55,4,1061.77,179,0,0,0,0
805.9,15,463.82,11,0,0,1,0
2391.46,17,470.51,55,0,1,1,1
4065.57,16,458.15,7,0,0,0,0
4427.91,17,2364.0,182,0,0,0,0
625.05,0,1613.7,158,0,0,0,0
889.61,18,1016.61,35,0,0,1,0
203.68,21,531.0,104,0,0,1,1
489.87,7,570.12,66,0,0,1,0
2878.0,2,827.21,158,0,0,0,0
5516.96,4,2503.58,199,0,0,0,0
319.15,22,791.02,112,0,0,0,0
606.4,7,902.61,59,0,0,0,0
1068.05,18,144.11,160,0,0,0,0
1451.22,17,776.31,48,0,1,1,1
488.04,17,288.21,85,0,0,0,0
1675.83,20,496.61,170,0,0,1,0
682.77,0,684.12,34,0,1,1,0
1080.9,14,554.87,70,0,0,1,1
1893.69,17,454.15,140,0,0,0,0
1103.7,6,456.58,18,0,0,0,0
708.83,15,586.03,105,0,1,0,0
982.78,15,570.88,110,0,0,0,0
1003.89,14,673.28,107,0,0,0,0
757.47,5,643.75,66,0,1,0,0
846.58,8,1432.71,79,0,0,0,0
5424.32,6,194.46,195,1,0,1,1
1921.61,13,770.46,83,0,0,1,1
816.09,10,694.09,198,0,0,0,0
2201.63,20,613.69,111,0,1,1,0
785.39,15,435.51,100,0,0,0,0
3544.4,5,608.0,44,0,1,0,0
1587.07,21,249.61,145,1,1,0,1
985.06,15,752.97,111,0,0,0,0
1715.94,19,839.52,21,1,0,0,0
227.95,15,435.96,19,0,0,0,0
355.4,11,2131.14,165,1,0,0,1
332.31,16,618.77,20,0,0,0,0
1265.15,4,682.97,17,0,1,1,1
6201.3,12,1482.48,155,0,0,1,1
10211.81,7,2404.93,40,0,1,0,0
2075.69,23,339.0,47,0,1,0,1
1809.57,4,470.46,182,1,1,0,0
181.08,11,625.4,118,0,1,0,0
637.35,8,425.93,78,0,0,1,0
498.81,2,1105.07,85,1,1,0,1
589.43,2,398.7,98,1,0,1,0
926.91,0,1422.2,145,0,0,0,0
683.97,21,966.99,34,0,0,0,0
151.52,17,1337.32,189,1,0,0,0
2316.73,23,399.77,34,0,0,0,0
375.12,11,528.43,14,0,0,0,0
1393.04,8,1140.01,103,1,0,0,1
8726.18,8,1022.45,198,0,0,0,1
437.3,17,559.97,98,0,0,0,0
87.33,17,609.89,43,0,1,0,0
823.86,6,512.55,41,0,0,0,0
3297.63,3,600.12,135,0,0,0,0
7772.5,12,372.71,93,0,1,0,0
320.68,16,337.0,166,0,1,1,0
1802.08,23,1215.92,170,0,1,0,0
688.62,1,588.02,18,0,0,0,0
986.39,13,1327.16,196,0,0,0,0
15434.23,2,951.07,43,0,0,0,0
243.97,4,802.08,186,0,0,0,0
1413.38,13,434.36,134,0,0,0,0
1750.56,2,321.67,47,1,0,0,1
3247.97,22,505.66,185,0,1,0,1
1209.53,6,1667.62,135,0,0,0,0
1492.27,17,1133.85,173,0,0,0,0
741.26,12,478.07,12,0,0,0,0
1435.3,22,509.11,100,1,0,1,0
778.06,21,380.9,195,0,0,0,0
2041.77,9,262.89,69,0,0,0,0
757.78,12,706.95,83,0,0,0,0
1598.95,15,1872.53,136,1,1,0,0
1065.01,8,1886.69,72,0,1,0,0
3381.42,1,957.9,96,0,0,0,0
1041.7,22,463.31,14,0,0,0,0
186.23,4,278.75,79,0,0,0,0
3873.53,21,1246.68,182,0,0,0,0
443.31,16,869.86,155,0,0,0,0
570.34,22,550.19,65,0,0,0,0
604.46,21,497.71,51,0,0,1,0
4334.83,3,953.62,7,0,0,1,1
129.58,16,405.06,107,0,0,0,0
25279.49,8,767.81,21,0,0,0,1
3152.83,19,319.93,26,0,0,0,1
1370.92,1,2532.87,120,0,0,0,0
1038.06,23,440.44,95,0,0,0,0
1459.07,17,981.46,148,0,0,0,0
1846.64,20,324.14,108,1,1,0,1
2090.62,21,603.08,7,0,0,0,0
1911.43,10,1130.9,56,0,0,1,1
1199.4,12,1287.65,115,0,0,0,0
900.24,7,1051.5,165,0,0,0,0
942.68,0,612.2,46,0,0,0,0
902.43,16,446.05,134,0,0,1,0
3407.62,11,348.41,43,0,1,0,1
1985.36,3,1639.72,50,0,0,0,0
57.95,20,707.7,52,0,0,0,0
2113.08,12,790.72,31,1,0,1,1
1332.4,8,1338.39,19,1,1,0,1
1076.31,6,945.81,11,0,0,0,0
743.58,22,616.19,113,0,0,1,0
3374.87,23,1039.65,189,0,0,0,0
2828.57,4,457.82,46,0,0,0,0
506.3,4,262.25,13,1,0,0,0
1647.56,16,1551.7,109,0,0,0,0
415.03,8,481.29,138,0,0,0,0
275.99,5,554.14,189,0,0,0,0
585.98,18,584.26,80,0,1,0,0
2597.73,15,463.44,34,0,1,1,0
2844.45,20,1287.94,187,1,0,0,0
1831.86,1,832.7,88,0,0,0,0
2264.47,9,554.31,130,0,0,0,0
1837.53,15,309.39,88,0,0,0,0
577.39,4,798.14,58,0,0,0,1
1689.05,14,152.88,114,1,0,0,0
2441.6,12,764.83,31,0,0,0,0
2331.56,12,1489.07,88,0,0,1,0
3600.81,12,691.41,191,0,0,0,1
2226.76,14,1371.69,11,0,0,0,0
1558.45,13,318.14,172,0,1,0,0
3197.58,7,2260.01,108,0,0,0,0
1067.93,10,1284.82,76,0,1,0,1
454.01,17,884.99,6,0,0,0,0
931.63,23,464.5,146,0,0,0,0
520.66,3,420.43,142,0,0,0,1
558.26,9,637.44,54,0,0,0,0
949.07,0,1368.77,150,0,0,0,0
496.5,4,302.08,22,0,0,0,0
805.96,12,669.31,20,0,0,0,0
165.07,0,1033.32,56,0,1,0,0
1357.36,22,1161.66,184,1,1,0,0
1097.96,7,1031.47,163,0,0,0,1
484.4,2,284.13,88,0,0,0,0
2120.16,2,1311.68,155,0,1,1,1
2800.55,6,692.51,100,0,0,0,0
219.74,3,346.76,46,0,0,0,0
511.46,2,655.57,194,0,0,0,0
508.19,14,205.37,117,0,0,0,0
428.42,7,941.03,182,0,0,0,0
2513.61,2,616.08,128,0,0,0,0
903.41,6,310.42,19,0,0,0,0
841.75,17,558.89,94,1,0,0,0
147.84,10,435.08,176,0,0,0,0
2070.24,10,452.08,46,0,0,0,0
317.58,16,171.29,49,0,0,0,0
1164.37,5,243.89,98,0,0,0,0
1447.19,7,579.51,111,0,0,0,0
4275.51,0,522.67,167,0,0,1,1
296.24,9,1193.19,26,0,0,0,0
53.54,18,455.29,132,0,0,0,0
1317.97,2,484.84,42,0,0,0,0
6637.64,3,498.63,101,0,0,0,1
3785.55,10,590.98,196,0,0,0,0
1352.43,14,702.66,105,0,0,0,0
670.73,0,521.24,11,0,0,1,0
2458.05,8,937.05,48,0,0,0,0
414.24,10,2644.22,80,0,0,0,0
1765.8,18,405.34,11,0,0,0,0
1817.96,12,841.43,198,0,1,0,0
3165.95,15,677.03,64,0,0,0,0
17320.74,3,1246.66,5,0,0,0,1
1623.62,0,751.3,66,0,0,0,0
659.21,19,430.15,91,0,0,0,0
1068.94,12,330.62,93,0,0,0,0
186.97,0,959.39,22,0,0,1,0
547.46,4,347.14,112,1,0,0,0
728.3,4,1353.22,139,0,1,0,1
649.31,13,926.96,119,0,0,0,0
1277.11,22,700.66,58,0,0,0,0
481.82,13,302.67,71,0,0,0,0
3364.49,7,997.44,97,0,0,0,0
1096.86,3,1754.71,142,0,0,0,0
1086.48,6,515.4,193,0,0,0,0
790.06,19,426.18,63,1,0,0,0
1280.74,18,629.41,191,0,0,0,0
2502.63,14,880.21,73,1,0,1,0
460.76,21,483.61,195,0,0,0,0
567.86,3,1140.84,102,0,0,0,1
809.38,18,2093.16,12,0,1,0,0
285.47,8,810.9,59,0,0,0,0
483.35,20,547.31,138,0,0,0,0
681.15,12,866.1,133,0,0,1,0
2629.08,13,1348.0,60,0,0,1,0
1425.9,22,732.0,108,1,1,0,0
1330.87,13,889.85,118,0,0,0,0
2568.04,21,1015.22,92,0,0,1,0
955.88,9,393.36,142,0,0,0,0
1620.46,15,876.09,112,1,0,1,0
989.08,4,297.33,27,0,0,0,0
1429.9,22,448.07,148,0,0,0,0
612.31,5,1322.66,105,0,0,1,0
95.7,1,1121.72,148,0,0,0,0
958.84,12,565.6,60,0,0,0,0
4549.39,12,1850.99,112,0,0,0,0
2768.93,18,303.05,99,0,0,1,0
2879.57,17,588.13,10,0,1,0,0
3774.91,18,784.51,34,0,0,1,0
1198.3,0,123.35,195,0,1,0,1
1335.84,7,605.11,133,1,0,1,0
591.31,21,338.76,55,0,0,0,0
799.45,15,343.42,110,0,0,0,0
2029.96,1,564.91,93,0,0,0,0
3655.12,7,222.43,131,0,0,0,1
953.9,5,409.62,50,1,1,1,1
699.11,15,225.57,125,0,0,0,0
1097.21,22,716.42,153,0,0,0,0
2000.61,10,708.12,103,0,1,0,0
258.82,16,539.62,170,0,0,0,0
110.37,22,1209.38,73,0,0,0,0
632.36,18,556.85,67,0,0,0,0
323.53,10,655.99,54,0,0,0,0
659.75,7,386.22,16,0,0,0,0
945.98,21,167.01,73,0,1,0,0
696.98,3,609.6,77,1,0,1,1
4686.62,10,563.65,48,0,0,1,0
1520.42,7,1855.57,56,0,1,0,0
1481.0,8,992.74,13,0,0,1,0
2043.07,1,519.12,197,0,0,0,1
351.13,15,724.15,122,1,0,0,0
3099.86,5,1146.2,14,0,0,0,0
1016.62,20,906.92,50,1,0,0,0
2144.11,20,1810.47,107,0,1,0,0
375.46,18,414.21,190,0,0,0,0
231.88,7,1193.95,41,0,0,1,0
2484.66,13,516.09,56,0,0,0,0
1597.84,23,747.08,103,0,0,0,0
444.94,15,475.99,85,1,0,0,0
459.59,11,610.82,17,0,0,0,0
3379.34,4,755.17,138,1,0,0,1
333.82,23,949.52,190,0,0,0,0
5668.46,23,690.08,105,0,0,0,0
445.58,18,149.65,132,0,0,0,0
2076.4,17,635.13,52,0,0,1,0
789.49,8,1607.19,164,1,0,0,0
2004.58,1,632.12,15,0,0,1,1
636.44,19,1634.49,85,0,0,0,0
931.88,11,618.86,9,0,0,1,0
1142.44,1,259.0,10,1,0,0,1
402.55,9,512.97,121,0,0,0,0
2300.37,0,475.77,153,0,0,0,0
656.41,3,579.57,46,0,0,0,0
872.53,11,326.62,85,0,0,1,0
405.71,8,661.63,159,0,0,0,0
84.58,3,546.23,7,0,0,1,1
905.94,8,1440.46,64,0,0,0,0
12241.85,5,321.78,198,0,0,0,0
2403.31,0,770.78,97,1,0,0,0
1075.71,9,851.17,53,0,0,0,0
843.12,13,1058.9,38,1,0,1,0
1121.55,21,534.78,41,0,0,0,0
1895.27,17,759.36,46,0,0,1,0
336.7,5,822.19,197,0,0,0,0
3341.99,17,247.39,192,0,0,1,0
2242.58,19,546.42,5,1,1,0,1
2248.88,15,652.23,191,1,0,0,0
1700.16,14,699.77,136,0,0,0,0
1118.36,15,694.65,107,1,0,1,0
2149.22,7,864.81,146,0,0,1,0
1981.91,12,2127.2,114,1,0,0,0
769.67,22,465.33,150,0,0,0,0
617.94,10,836.06,38,1,0,0,0
1214.22,6,1452.12,5,1,0,0,0
5161.69,16,226.06,57,0,0,1,0
317.63,17,781.24,26,0,0,0,0
252.77,21,242.69,193,0,1,0,0
1293.05,22,2468.45,154,0,0,0,0
1153.88,18,909.81,182,0,0,0,0
1304.2,12,839.04,20,0,1,1,0
1399.62,14,216.15,160,0,1,0,0
877.26,22,491.42,123,0,0,0,0
4865.2,21,492.81,90,0,0,0,0
221.21,21,1919.6,46,0,0,0,0
478.91,0,1030.21,198,0,0,0,0
989.05,15,246.72,75,0,0,0,1
212.05,4,881.57,121,0,0,0,0
919.79,2,269.96,167,0,0,0,0
5776.02,22,250.23,24,0,0,0,0
1119.78,9,873.1,112,0,0,0,0
1381.19,18,1039.88,134,0,0,0,0
311.01,4,875.9,11,1,0,0,1
592.08,6,2054.42,181,0,0,0,0
753.56,13,829.86,13,1,0,0,0
798.14,2,736.61,31,0,0,0,0
3950.68,12,320.66,134,1,1,0,1
1915.42,12,1112.73,89,0,0,1,1
360.88,9,246.94,64,0,1,0,0
1403.19,1,2235.5,116,1,0,0,0
1804.83,5,1121.56,90,0,1,0,0
3429.43,7,3547.07,181,1,0,0,0
5326.98,3,840.16,134,0,0,0,1
397.39,11,1155.28,149,0,0,1,0
487.43,14,563.24,87,0,0,0,0
311.82,7,648.09,108,1,0,0,0
867.82,6,353.92,92,0,0,0,0
1748.23,13,279.05,24,0,0,1,1
2943.44,22,745.23,130,0,1,0,0
1016.43,18,645.8,102,1,0,0,0
796.44,13,348.77,164,0,0,0,0
1276.35,21,387.91,55,1,0,0,0
475.73,12,678.23,92,0,0,0,0
8862.1,20,345.2,174,0,0,1,0
219.72,0,823.85,67,0,1,0,1
1319.15,18,351.69,93,0,0,1,0
8296.64,0,775.5,193,0,0,1,1
1104.12,3,333.48,194,0,0,1,0
906.84,9,334.32,135,0,0,0,0
767.05,2,161.2,93,0,0,0,0
915.63,19,604.16,96,0,0,0,0
4327.95,8,1591.51,80,0,0,1,0
120.08,2,1538.25,30,0,1,0,1
5081.87,5,807.9,180,0,0,0,0
264.02,5,200.21,112,0,0,0,0
839.95,22,1103.59,12,0,0,0,0
713.91,11,761.58,137,1,0,0,0
1975.45,22,521.18,143,0,0,0,0
221.82,0,1372.54,46,1,0,0,1
1740.93,15,962.24,123,0,0,0,0
8302.48,23,2157.98,173,1,0,0,0
280.57,4,286.18,112,0,1,0,0
1325.71,8,299.93,151,0,0,0,0
565.67,9,331.83,180,0,0,0,0
1678.89,12,560.59,185,0,0,0,0
1117.83,14,1724.86,187,0,0,1,0
577.39,11,457.53,124,0,0,0,0
1786.25,4,463.44,193,0,0,0,0
6663.15,4,854.38,164,1,0,0,1
906.05,17,1103.11,50,1,0,0,0
2252.41,11,173.8,96,0,0,0,0
300.88,2,1241.19,168,0,0,0,0
421.39,6,448.93,150,1,0,0,0
1758.83,16,625.5,78,1,0,0,0
4837.32,18,1557.69,100,0,0,1,0
1564.96,17,584.14,22,0,0,0,0
801.87,0,265.3,144,0,1,0,1
1095.86,23,274.69,119,1,0,0,0
314.06,4,653.62,76,0,0,0,0
2007.24,1,544.24,50,0,0,0,1
2650.05,0,689.31,187,0,0,0,0
697.78,6,522.82,42,1,0,0,0
685.37,10,1400.88,134,0,0,0,0
1430.64,10,675.1,13,0,0,0,0
708.59,17,230.95,112,0,0,0,0
1026.46,16,1085.63,137,1,0,0,0
8952.8,1,2087.58,102,0,1,0,1
856.6,6,729.94,23,0,1,0,0
766.37,6,764.74,75,0,0,0,0
573.9,9,416.58,43,0,0,1,0
2308.13,21,575.09,46,0,1,0,0
914.86,20,899.39,149,0,0,1,0
572.85,2,1311.69,195,0,1,1,0
4110.52,11,869.22,94,1,0,0,1
4535.1,2,1979.95,178,0,0,0,0
601.59,10,705.62,111,0,0,0,0
169.6,11,339.33,152,0,0,0,0
3003.44,3,345.21,140,0,0,1,1
553.01,15,1395.0,100,0,0,0,1
2417.83,19,1217.14,151,0,0,0,0
152.92,17,247.95,36,0,0,0,0
2677.39,3,586.57,130,0,0,0,1
326.63,21,599.49,151,0,0,1,0
2277.34,5,423.72,28,0,0,1,0
1112.4,20,285.37,28,0,0,0,0
422.45,14,418.15,188,0,1,0,0
729.94,0,375.4,124,0,0,0,0
2178.34,2,289.49,22,0,0,0,1
1219.13,4,1093.83,144,0,0,1,0
1967.29,21,788.21,45,0,0,0,0
7914.41,16,503.47,91,0,1,0,1
229.47,13,192.03,180,1,0,0,0
5525.96,8,555.88,86,0,0,0,1
1217.26,2,909.26,196,0,0,0,0
446.4,12,427.68,148,1,0,0,0
289.94,2,333.63,155,0,0,0,0
907.67,10,617.81,171,0,0,0,0
2756.32,1,813.25,37,1,0,0,1
965.31,23,200.35,28,0,0,0,0
4969.9,14,1498.78,65,0,0,0,0
256.94,12,314.36,59,0,0,1,0
1083.46,18,516.12,193,0,0,1,0
313.44,21,1351.22,88,0,0,0,0
1577.56,15,717.1,172,0,0,0,0
2662.14,17,1283.9,190,0,0,0,0
719.99,6,1689.53,123,0,1,0,0
81.11,12,277.05,76,0,0,1,0
1338.02,3,1142.79,78,1,0,0,1
1697.21,8,1473.35,133,0,0,0,0
1643.03,9,530.87,89,0,1,0,0
3773.59,8,556.84,157,0,0,0,1
375.76,6,211.07,100,0,0,1,0
2165.09,14,1062.78,57,0,1,0,0
3613.77,7,145.34,193,0,0,0,0
185.2,18,1189.5,178,0,0,0,0
1509.68,10,284.12,114,1,0,0,1
662.37,4,1532.13,64,0,0,0,1
1010.78,1,843.67,55,0,0,0,0
1552.58,9,1218.51,125,0,0,0,0
673.69,15,408.44,77,0,0,1,0
557.96,22,298.85,180,1,1,0,0
1134.73,12,230.86,172,0,0,0,0
369.72,7,1280.14,11,1,0,0,0
370.25,8,990.06,79,0,0,0,0
2163.26,10,1011.36,23,0,0,1,0
347.65,10,792.24,147,0,0,0,0
2135.19,22,921.8,74,0,0,1,0
1741.66,15,558.36,193,0,0,0,0
195.23,9,830.63,60,0,0,1,0
556.93,23,397.78,142,0,1,0,1
3619.57,11,541.51,178,1,0,0,0
411.1,5,4129.86,84,1,0,0,0
689.24,11,680.86,113,0,0,0,0
1740.73,9,203.78,189,1,1,0,1
2400.4,17,520.53,39,0,0,0,0
852.75,17,352.65,76,0,1,0,0
603.35,3,731.82,96,0,0,1,0
4547.67,8,390.09,7,0,1,0,1
6241.02,6,585.75,70,1,0,1,1
2918.6,17,426.71,185,0,0,0,1
1194.3,7,748.68,56,0,1,0,0
488.69,10,456.49,97,0,0,0,0
477.97,6,823.96,185,0,1,1,0
1849.21,8,2141.26,186,0,0,0,1
1666.36,7,332.74,51,0,0,0,1
4454.18,2,1026.91,7,0,0,0,1
2101.59,16,152.67,197,0,0,0,0
243.94,1,578.44,147,0,0,1,0
3139.9,14,763.06,88,0,0,0,0
404.21,13,424.62,38,0,1,0,0
746.97,17,227.59,54,1,1,0,0
1408.39,15,650.13,37,0,0,0,0
8068.05,19,1667.81,77,0,0,0,0
24585.66,21,609.19,7,0,0,0,0
2011.68,3,929.96,6,0,0,0,0
913.06,19,1307.84,136,0,0,0,0
1871.52,5,2930.37,20,1,0,0,0
2664.19,5,353.76,186,0,0,0,0
795.79,10,376.36,37,1,0,1,1
6602.55,16,558.17,13,1,0,0,0
1380.32,23,962.24,61,1,0,0,0
1803.97,2,165.27,44,0,0,0,1
2134.36,12,984.62,56,1,0,0,0
1671.68,21,727.02,20,0,0,0,0
2537.51,2,482.81,140,0,0,0,0
591.55,15,858.6,91,0,0,1,1
627.47,14,1134.32,64,0,0,0,0
364.98,10,1232.52,168,0,0,0,0
1701.9,17,671.06,7,0,0,0,0
2389.73,14,808.86,19,1,0,0,0
1733.28,4,790.76,106,0,0,0,0
5851.73,15,1392.31,27,0,0,0,1
1090.51,15,836.08,135,0,0,0,0
2140.39,16,979.59,162,1,0,0,0
368.08,8,1136.37,177,0,0,1,0
744.64,22,2154.12,21,0,0,0,0
2198.52,2,468.02,118,0,0,0,1
2563.43,19,1764.15,190,0,0,0,0
817.32,12,2929.71,62,0,0,0,0
1020.86,21,486.28,114,0,0,0,0
240.36,2,584.01,189,0,0,1,1
767.37,6,514.36,139,0,0,0,0
2671.47,5,986.47,171,1,0,0,0
1949.26,8,217.67,82,0,0,1,0
1809.25,11,492.9,190,0,0,0,0
1152.6,14,564.43,188,0,0,0,0
1104.41,20,535.58,147,0,0,0,0
566.61,19,532.35,48,1,0,0,0
2205.76,2,495.93,16,0,0,0,0
1670.66,9,1060.43,12,0,0,1,0
1793.67,0,918.69,84,0,1,0,0
648.05,18,1848.34,45,0,0,0,0
127.31,18,1062.05,166,0,0,0,0
3285.1,22,344.28,50,1,1,0,1
679.37,22,600.63,33,1,0,0,0
462.77,12,563.55,20,0,0,0,0
2193.99,11,775.22,137,0,1,0,0
740.99,0,1281.71,9,0,1,1,1
3165.09,18,743.6,34,0,0,0,0
2032.47,23,744.78,121,0,0,0,0
2172.36,15,669.16,182,0,0,0,0
279.79,22,1081.77,9,0,0,0,0
3684.7,22,472.79,145,0,0,0,0
1424.04,14,277.49,53,0,0,0,0
758.03,15,979.21,93,0,0,0,0
1265.71,10,833.06,54,0,0,0,0
185.63,23,1471.52,18,0,0,0,0
1650.2,5,154.97,112,0,0,1,0
391.75,10,626.28,50,0,0,0,0
283.53,2,709.12,86,0,1,0,0
239.28,14,268.67,130,0,0,0,0
3336.54,0,631.46,88,0,0,0,1
584.49,6,1355.81,38,1,0,0,0
5083.36,0,2325.45,75,0,0,0,0
641.75,16,1199.24,179,0,0,0,0
198.87,8,547.48,64,0,0,0,0
359.05,22,1417.87,78,0,0,0,0
3773.7,12,1149.22,85,0,0,0,0
938.33,10,497.39,143,1,0,0,0
633.79,19,469.15,102,0,0,0,0
1286.93,5,601.18,95,1,1,0,0
1811.27,0,354.07,99,0,1,0,1
3352.29,6,551.99,182,0,1,0,0
4668.06,11,890.74,136,0,0,0,1
765.27,21,1240.29,173,0,0,0,0
291.18,19,529.9,191,0,1,0,0
725.26,22,1530.05,64,0,0,1,0
1422.66,18,982.46,117,0,0,0,0
418.32,16,1009.68,85,0,0,1,0
421.09,3,383.21,194,0,0,0,0
1546.56,2,1967.77,88,0,0,0,0
1044.56,0,927.06,29,1,1,0,1
1133.2,17,544.79,37,0,0,0,0
513.63,20,490.06,23,0,0,1,0
870.96,14,552.1,61,0,0,0,0
435.18,7,361.04,19,0,1,0,0
2670.97,0,1203.49,45,0,0,0,0
3087.91,19,383.92,64,0,0,0,0
173.09,13,791.47,113,0,0,0,0
432.89,3,507.78,100,0,0,0,0
245.54,4,994.74,26,0,0,0,0
572.48,22,1079.25,175,1,0,1,1
1008.85,12,451.99,164,1,1,0,1
257.33,23,651.76,145,1,0,0,0
436.22,14,279.77,170,0,0,0,0
401.84,5,1845.17,30,0,0,0,0
1349.2,0,1262.44,137,0,0,0,1
1175.38,22,287.92,129,0,0,0,1
532.86,18,395.38,181,0,1,0,0
1308.74,12,613.46,101,0,0,0,0
634.81,5,680.79,137,1,0,0,0
835.76,14,440.7,75,0,0,0,0
5845.64,15,334.64,180,0,1,0,1
4190.02,23,843.04,22,0,0,0,0
298.99,22,1888.79,99,0,0,1,0
2514.26,15,687.32,138,0,0,0,0
2468.58,9,558.34,70,0,0,1,1
347.84,21,524.21,131,0,0,0,0
2486.86,8,344.46,46,0,0,0,0
5104.78,8,444.44,121,0,0,0,0
356.9,16,1315.1,184,0,1,0,0
438.12,16,192.0,15,0,1,0,1
3034.07,16,693.72,30,0,0,0,0
1438.7,23,676.39,153,0,1,0,0
1903.55,11,714.11,198,0,0,0,0
1541.62,12,1029.11,172,0,0,0,0
1620.83,11,690.0,60,0,0,1,0
291.06,13,506.55,122,1,0,0,0
3125.4,9,448.55,183,0,0,1,1
3531.9,22,1449.55,152,0,0,0,0
871.84,18,1242.19,61,0,0,0,0
1049.98,1,3739.03,9,0,0,0,0
237.2,3,561.95,18,0,0,0,0
1834.0,18,453.53,28,0,0,0,0
1943.13,6,872.97,72,0,0,0,0
1030.51,14,860.41,184,0,0,0,0
3375.68,14,974.39,52,0,0,0,0
785.19,23,1105.75,179,0,0,0,0
1928.71,5,968.75,64,0,0,0,0
395.57,2,1267.78,7,0,0,0,0
1071.11,5,1373.07,123,0,1,0,0
921.17,15,1387.84,141,1,0,1,0
1373.76,1,171.26,104,0,0,0,1
757.84,6,764.66,87,0,1,0,0
961.53,10,382.25,28,0,1,0,0
2505.01,6,1252.97,136,0,0,0,0
708.56,3,169.12,141,0,0,0,1
219.95,23,1606.05,5,0,1,0,0
6308.06,19,395.91,120,0,1,0,0
4365.35,6,345.05,167,0,0,0,0
301.19,3,823.65,144,0,0,1,1
2185.74,11,531.68,150,1,0,0,1
663.17,4,1934.56,14,1,0,0,0
1427.22,22,1506.92,150,0,1,0,0
1471.77,18,489.56,156,0,0,0,0
867.48,4,1243.26,133,1,0,1,1
500.81,18,479.54,83,0,0,0,1
549.75,20,477.06,103,0,1,0,0
438.7,2,1020.97,148,0,0,1,1
477.32,10,1593.21,147,0,0,0,0
1025.38,6,510.48,194,0,0,0,0
536.06,16,534.35,137,1,0,0,0
2169.07,8,796.89,49,0,0,0,0
4852.48,20,389.01,122,0,0,0,1
613.97,8,1701.47,56,0,0,1,0
1393.26,9,386.78,116,0,0,0,0
1807.47,12,454.9,139,1,1,1,1
1758.12,14,1920.5,159,0,0,0,0
1183.17,21,756.54,116,0,0,0,0
2304.65,4,2134.85,17,0,0,0,0
1776.23,2,583.14,21,0,0,0,1
318.09,7,3016.07,48,0,0,0,0
2615.36,19,962.36,145,0,0,0,0
2663.22,9,423.49,77,0,0,0,0
511.18,12,419.6,9,0,1,1,0
1139.04,2,277.46,37,0,0,1,1
2171.84,21,296.28,136,0,0,0,0
889.52,7,447.77,158,0,1,0,0
3206.64,8,366.88,72,0,0,0,0
11659.45,21,141.63,20,1,0,0,1
499.7,20,1102.03,154,1,0,1,0
275.6,11,1059.13,40,0,0,0,0
1485.96,10,800.33,106,0,0,0,1
2256.48,1,336.64,190,0,0,0,1
870.56,17,1786.61,187,0,0,0,0
4690.34,8,597.71,167,0,0,0,0
287.55,1,403.45,29,0,0,0,0
2192.77,1,764.75,76,1,1,0,0
598.33,2,738.89,85,0,0,0,0
6120.37,15,148.17,65,0,0,0,0
8042.66,18,652.91,22,0,1,0,0
509.46,3,715.03,62,0,0,0,0
632.98,22,529.94,80,0,0,0,0
2590.45,17,301.01,125,1,0,1,1
744.62,19,306.37,61,0,0,0,0
1047.95,17,905.46,101,0,0,0,0
1124.83,9,1050.44,67,0,1,0,0
160.83,10,508.36,16,1,0,0,0
1081.56,16,836.64,15,0,0,0,0
550.19,23,505.35,145,0,0,0,0
669.73,22,398.64,167,0,0,0,0
4645.4,23,756.5,31,0,0,0,0
312.15,19,333.8,108,0,1,0,0
2473.04,15,2072.0,71,0,0,0,0
829.68,19,280.76,93,0,0,0,0
829.02,12,788.63,49,1,1,0,0
2417.22,1,727.89,85,0,0,0,1
1540.79,23,690.13,71,0,1,0,0
1940.33,1,1619.76,154,0,0,0,0
2887.61,13,132.72,106,0,0,0,0
787.36,3,851.53,95,0,0,1,0
594.53,16,564.52,46,0,1,0,0
370.5,12,944.24,24,0,0,0,0
480.39,3,687.33,52,0,0,0,0
20933.26,2,635.87,22,0,0,1,1
3807.32,11,322.34,132,0,0,1,1
283.99,21,444.13,81,0,1,1,0
292.23,22,4354.24,10,0,0,1,0
1775.55,7,949.43,43,0,1,0,1
1895.55,1,1250.82,15,0,0,0,0
1898.62,5,538.54,116,0,0,0,0
849.84,21,398.07,157,0,0,0,0
967.34,9,1059.82,112,1,0,0,0
1522.15,11,212.25,98,0,1,0,0
1194.99,20,450.14,59,1,0,0,0
119.19,9,537.68,88,0,0,0,0
871.49,9,1172.62,62,0,0,0,0
468.06,22,852.55,41,0,1,0,1
1306.64,2,500.83,20,0,0,1,1
21704.16,19,829.97,74,0,0,0,0
1583.64,9,554.52,97,0,0,0,0
801.49,8,1263.98,169,0,0,0,0
2756.73,19,766.39,185,0,0,1,0
1777.01,18,1885.34,148,0,0,0,0
1669.19,13,563.02,22,0,0,0,0
2011.93,1,1387.47,151,0,0,0,0
8574.46,4,702.22,176,0,0,0,0
353.93,19,437.75,134,0,1,0,0
1760.99,7,3168.28,190,0,0,0,0
434.25,6,1459.47,142,0,0,0,0
1911.25,5,765.55,50,0,0,0,0
437.6,10,1053.21,23,0,0,0,0
722.44,11,347.51,42,0,1,1,0
816.4,17,354.93,41,1,0,0,0
2909.73,18,1297.84,116,0,0,0,0
2747.52,9,667.06,49,0,0,0,0
315.54,20,605.78,121,0,0,0,0
1158.56,13,559.61,166,0,0,0,0
539.38,2,728.68,134,0,0,0,0
311.53,17,571.03,48,0,0,1,0
882.7,23,196.51,101,0,0,0,0
805.54,14,1555.46,87,0,0,1,0
12415.69,5,622.45,128,0,0,0,0
1690.8,9,1996.03,128,0,1,1,0
276.55,11,231.06,31,0,0,0,0
623.42,6,230.52,52,0,0,0,0
3045.39,16,563.83,98,0,0,0,0
8852.39,0,1195.74,11,0,0,0,0
224.53,17,319.96,159,0,0,0,0
167.35,14,312.6,89,0,0,0,0
7122.15,18,831.45,116,0,0,0,1
1619.08,0,551.3,93,0,0,0,1
460.22,4,921.91,132,0,0,0,0
1871.75,14,557.26,22,1,1,1,1
78.59,2,838.05,37,0,0,0,0
1100.34,0,1509.72,165,0,1,0,0
1522.06,7,320.37,100,0,0,0,0
2763.55,11,1354.07,126,1,0,1,0
397.86,21,239.25,29,0,0,0,0
1194.74,18,958.72,146,0,1,0,0
434.66,11,1558.63,170,0,0,0,0
1415.71,12,485.68,170,0,1,0,0
447.94,0,979.2,8,0,0,0,0
729.16,18,496.58,112,0,0,0,0
405.12,5,945.04,194,0,1,0,0
2103.03,7,171.55,86,0,1,0,0
2587.51,3,733.11,14,0,0,0,0
867.3,4,843.23,39,0,1,0,0
1139.38,21,1490.41,103,0,0,1,0
257.6,6,1158.82,108,0,1,0,0
812.67,22,603.81,27,0,1,0,0
1042.94,3,781.21,69,0,1,1,0
15075.0,19,279.31,86,0,1,0,1
360.7,3,1783.7,157,0,0,0,0
4741.82,14,1006.96,185,0,0,0,0
2971.61,20,217.77,21,1,0,0,1
1451.91,4,770.93,189,0,0,1,0
6365.32,23,807.07,152,0,0,0,1
1590.98,8,418.06,132,0,0,0,0
1618.34,1,704.94,157,1,0,1,0
1039.9,6,393.59,174,0,0,0,0
3727.78,16,286.36,177,1,1,1,1
3282.86,15,460.35,35,0,0,0,0
586.59,16,737.27,69,0,0,0,0
293.17,19,1160.96,184,0,0,0,0
895.18,22,693.6,84,0,0,0,0
492.73,1,1167.77,96,0,0,0,0
1029.14,10,981.64,153,0,0,0,0
3779.84,1,357.37,34,0,0,0,0
694.16,0,977.17,127,1,0,0,1
1050.66,1,993.51,135,0,0,0,0
1162.15,22,1891.42,74,1,0,0,0
2561.71,8,850.98,175,0,0,0,0
115.94,21,317.09,33,0,0,0,0
597.83,1,477.02,7,0,0,0,0
1354.63,14,218.87,190,0,1,1,1
3641.24,9,903.51,165,0,0,0,0
670.55,14,1794.32,79,0,0,0,0
167.91,9,158.43,49,0,0,0,0
2037.97,22,1840.4,73,0,0,0,0
580.93,16,896.36,164,0,0,0,0
333.73,8,348.64,115,0,1,0,0
587.37,17,775.89,88,0,0,0,0
911.85,3,355.46,56,1,0,0,1
599.0,8,866.32,196,0,0,1,0
120.84,15,690.91,120,1,0,0,0
2689.38,3,810.46,107,0,0,0,0
3924.03,15,383.23,172,0,0,0,1
2103.85,18,418.22,145,0,0,0,0
351.54,0,898.83,84,0,0,0,0
896.51,22,491.94,33,0,1,0,0
1089.5,5,727.35,195,0,0,0,0
1995.79,9,872.87,158,0,1,0,0
2139.53,15,582.07,106,1,1,0,0
526.28,3,1330.17,63,0,0,0,0
1190.34,21,595.06,181,0,0,0,0
1732.43,21,584.44,185,0,0,0,0
4702.37,12,455.31,163,0,1,0,0
2218.32,15,1241.39,16,0,0,0,0
2414.04,19,435.14,190,0,1,0,1
1192.52,5,1411.9,168,0,0,0,0
4493.82,10,733.53,14,0,1,0,1
1652.03,23,3325.11,138,0,0,0,0
463.55,2,447.52,139,1,1,1,1
4462.08,19,1429.55,35,1,0,1,0
2203.72,9,903.38,95,0,0,0,0
704.13,0,488.7,7,0,0,0,0
678.92,19,910.69,108,0,0,0,0
1475.24,10,884.46,179,0,0,0,0
1742.69,11,545.03,130,0,0,0,0
1335.81,13,860.03,5,0,0,0,0
1497.14,7,1336.84,177,1,0,0,0
6002.66,10,903.98,186,0,0,0,0
3202.04,3,517.23,182,0,0,0,1
1326.95,6,500.05,139,0,0,0,0
2811.04,9,631.16,195,0,0,0,0
390.52,18,1296.57,19,1,0,0,0
1632.6,3,423.15,93,0,0,0,0
6696.27,1,841.58,199,0,1,0,1
881.79,20,260.48,162,0,0,0,0
469.83,17,950.29,126,0,1,1,0
571.3,13,1044.26,120,0,0,0,0
368.84,15,2245.25,40,0,0,0,0
500.32,21,1158.84,71,0,0,0,0
757.1,10,522.84,137,0,1,0,0
268.93,9,264.87,29,0,0,0,0
1113.9,16,905.53,15,0,0,0,0
2703.43,13,546.57,70,1,0,1,1
442.41,21,812.78,160,1,1,0,0
5010.46,3,431.77,64,0,0,0,0
1827.66,18,599.49,142,1,1,0,0
3073.53,1,239.85,54,0,0,0,0
568.03,6,355.06,171,0,0,1,0
2577.37,8,326.24,169,0,0,0,0
367.99,18,1122.9,67,0,0,0,0
2671.1,15,404.9,193,1,1,0,1
1302.24,21,1520.44,96,0,0,0,0
1906.93,15,407.29,42,0,0,0,1
338.46,17,2339.2,124,0,0,1,0
448.06,22,206.58,37,1,0,0,0
1992.67,20,857.98,79,0,0,1,0
424.81,20,680.73,49,1,1,0,1
1742.73,10,321.54,176,0,0,0,0
279.46,6,477.92,133,0,0,1,0
2561.05,8,568.63,57,0,0,1,0
319.73,3,772.69,179,0,0,1,1
1905.12,12,379.23,165,0,0,0,0
2050.07,3,858.5,71,0,0,0,0
546.33,18,714.68,147,0,0,0,0
1962.6,1,1061.58,109,0,0,0,0
1422.89,8,396.46,18,0,0,0,0
639.8,11,520.3,155,0,1,0,0
399.99,1,1580.14,128,0,0,0,0
154.06,5,386.21,186,0,0,0,0
1555.65,4,288.45,124,0,0,0,0
229.34,4,455.51,140,1,0,0,0
1206.34,19,229.16,186,0,0,1,0
842.65,21,1814.81,40,0,1,0,0
2162.77,4,561.35,132,0,1,0,0
810.75,3,564.61,184,0,0,0,0
788.83,8,1038.48,138,0,0,1,0
2279.86,21,430.38,101,0,0,1,0
1533.12,9,584.32,160,0,0,0,0
1504.41,15,423.62,182,0,1,0,0
1753.32,9,232.06,170,0,0,0,0
236.14,9,685.71,162,0,0,0,0
2337.39,18,1230.82,85,0,0,0,0
2023.27,9,697.55,77,0,0,0,0
396.75,5,1155.02,186,1,1,0,0
859.13,16,344.65,75,0,0,0,0
1054.36,4,423.09,50,0,1,0,0
958.63,5,305.95,160,0,0,0,0
1531.28,23,828.76,149,1,0,1,0
4588.77,14,549.73,180,0,0,0,0
3234.94,18,537.52,176,0,0,0,0
295.24,17,993.66,64,0,0,0,0
2042.79,3,500.8,64,0,0,0,0
4142.0,7,1271.31,9,0,1,1,0
1614.55,15,766.16,139,0,0,0,0
3264.89,23,533.95,185,0,1,1,1
8203.12,18,262.18,149,0,1,1,1
3052.48,19,990.26,63,0,0,0,0
1407.13,2,788.21,13,0,0,0,0
3118.44,9,811.3,154,0,0,1,0
1267.61,1,826.98,49,0,0,1,0
1123.16,3,484.22,191,0,0,1,0
771.69,5,607.39,84,0,0,1,0
5236.52,10,505.16,17,1,0,0,0
483.75,13,1408.16,87,0,1,0,0
5076.45,15,563.93,16,0,0,0,1
1807.8,20,458.73,168,0,1,0,0
270.61,18,1467.42,14,0,0,0,0
1583.91,1,1374.69,20,0,0,0,0
134.29,16,766.49,96,0,0,0,0
2049.82,8,615.28,23,0,0,1,0
2657.74,16,529.68,108,0,0,0,0
606.46,14,647.82,138,1,0,0,0
1240.84,6,393.54,136,1,0,0,0
7740.0,21,888.93,162,0,1,0,0
661.33,22,1792.74,107,0,0,0,0
380.35,18,932.22,99,0,0,1,0
4825.47,2,343.11,178,0,0,0,0
7805.53,0,873.98,31,0,0,0,1
1100.69,3,747.49,177,0,0,0,0
3015.33,17,869.38,41,0,1,0,0
4194.28,7,406.77,141,0,0,0,0
521.92,18,666.48,65,0,0,0,0
674.99,22,1129.87,39,1,0,0,0
3755.12,22,350.02,110,0,0,0,0
5913.62,5,508.02,51,0,0,0,0
1925.38,0,559.64,153,0,0,0,1
454.95,7,1210.78,149,1,0,0,0
7998.91,0,1324.11,59,0,0,1,0
644.86,18,210.8,92,0,0,0,0
784.36,10,1210.16,99,1,0,0,1
1544.32,20,1349.34,10,0,0,0,0
5188.3,23,1298.3,125,0,1,0,0
2575.96,14,484.07,167,0,0,0,0
1660.49,22,579.47,54,0,0,0,0
1742.87,10,259.71,169,0,0,0,0
1145.41,18,189.24,17,0,0,1,0
1916.28,20,535.44,29,0,0,0,0
87.4,9,696.37,127,0,0,0,0
815.17,23,739.56,133,0,0,0,0
1395.94,11,1088.64,53,0,0,0,0
346.88,0,4174.21,126,0,0,0,1
1613.76,23,524.48,39,1,1,1,1
893.84,6,353.07,87,0,1,1,0
6345.34,16,923.05,57,0,0,0,0
5287.07,9,760.02,184,0,1,1,1
688.28,5,471.2,186,0,1,0,0
943.09,16,1148.84,80,0,0,0,0
1018.47,17,408.64,108,0,0,0,0
698.08,4,615.76,51,0,0,0,0
1332.78,17,637.43,47,0,1,0,0
513.74,16,376.67,152,0,0,0,0
354.03,21,238.45,165,0,1,0,0
2044.1,15,758.52,97,0,0,1,0
2058.08,7,1512.06,148,0,0,0,0
490.63,23,1183.87,82,0,0,0,0
2684.78,12,1232.35,11,0,0,0,0
583.14,23,411.84,74,1,1,0,1
1412.57,15,756.3,153,1,0,1,0
2490.76,10,283.02,40,0,0,0,0
1060.39,5,736.09,108,1,0,0,0
1728.04,2,1530.38,58,0,0,0,0
654.3,0,1559.16,151,0,0,0,0
901.03,17,2249.06,29,0,1,0,0
892.6,4,1204.12,71,1,0,0,0
519.79,12,884.88,113,1,0,0,0
918.94,9,1124.21,185,0,1,0,0
233.08,4,1000.59,52,0,1,1,1
671.05,13,409.79,174,0,0,1,0
824.79,16,267.95,179,0,0,0,0
848.8,0,1129.64,95,0,0,0,0
861.35,1,2335.56,174,0,0,0,0
1030.95,6,1157.92,6,0,0,1,0
1771.25,9,214.17,138,0,0,0,1
2629.42,19,487.08,131,0,0,0,0
572.63,6,591.1,50,0,1,0,0
329.24,23,218.41,198,0,1,0,0
386.82,15,291.16,110,0,0,0,0
673.71,4,650.51,44,0,1,0,0
771.3,11,778.2,62,0,0,0,0
507.76,16,368.11,82,0,0,0,0
300.03,15,283.22,37,0,0,0,0
694.98,19,1361.01,66,1,0,1,0
1314.78,15,528.73,16,0,0,0,1
1988.29,18,576.14,130,0,0,0,0
628.02,14,479.14,53,0,0,1,0
725.6,11,418.76,92,0,0,0,0
434.11,20,1453.41,82,1,0,0,0
1062.69,9,392.34,9,0,1,0,1
469.45,21,740.86,183,0,0,0,0
1945.22,1,668.62,73,0,0,0,0
183.85,6,206.66,115,0,0,1,0
765.38,12,768.6,164,1,0,0,0
1481.94,2,263.39,181,0,0,0,1
1317.95,14,973.87,64,0,1,0,0
16204.33,0,326.41,50,1,1,0,1
1555.89,2,909.79,173,0,0,0,0
401.8,9,514.04,199,0,0,0,0
996.79,14,443.81,17,0,0,0,0
185.63,21,754.71,112,0,0,0,0
1011.71,5,275.03,116,1,0,0,0
476.73,19,638.08,104,0,0,0,0
2739.12,14,1063.53,150,1,1,0,0
632.99,23,1243.35,117,0,0,0,0
975.78,20,503.92,101,0,0,0,0
580.82,6,550.05,55,0,0,0,0
6240.72,20,271.74,122,0,0,0,0
795.33,4,423.93,40,0,1,1,1
6853.79,3,260.85,85,0,0,0,0
2475.39,21,866.14,107,0,0,1,0
1775.91,17,1102.46,38,0,0,0,1
1585.62,2,506.47,144,0,0,0,0
1625.87,16,352.5,137,1,0,0,1
159.55,17,800.24,52,1,0,0,0
829.74,17,395.13,108,0,0,0,0
2553.34,23,995.42,95,1,0,0,0
1044.3,23,2124.43,128,0,0,0,0
269.03,1,391.25,44,0,1,0,0
1040.64,12,426.24,145,1,0,0,0
6027.61,21,277.07,30,0,0,0,0
3815.75,14,726.08,146,1,1,0,1
1030.7,4,697.06,100,0,1,0,0
2839.69,2,565.47,143,0,0,0,1
760.13,4,671.62,170,0,0,0,0
199.56,4,355.6,84,0,1,0,0
435.08,4,245.2,61,0,1,0,0
5233.78,2,421.81,154,0,0,0,1
833.81,2,210.75,115,0,1,0,0
859.73,19,391.23,148,1,0,0,0
812.54,22,800.98,80,1,0,1,0
7362.37,17,689.38,33,0,0,0,0
5574.51,19,229.46,134,0,1,0,1
10084.76,3,1248.39,186,0,0,1,0
935.38,0,591.85,6,0,0,0,0
1473.84,15,305.03,7,1,0,0,0
240.65,7,534.53,188,0,0,0,0
4802.7,16,468.81,76,0,1,0,0
341.12,7,395.19,15,1,0,0,0
1362.09,6,1083.07,164,1,0,0,0
366.02,7,342.48,8,0,0,0,0
608.58,20,743.07,141,0,0,0,0
474.73,23,297.44,92,0,1,0,0
597.12,11,650.58,117,0,0,0,0
639.62,15,779.97,188,0,0,0,0
633.8,11,780.87,20,0,0,0,0
2523.33,18,698.18,90,0,0,0,0
363.27,9,576.28,14,0,0,1,0
1367.23,6,351.27,168,0,0,0,0
3706.93,11,353.71,28,0,1,0,0
656.42,19,795.76,68,0,0,0,0
534.9,4,312.05,60,0,0,0,0
870.85,15,271.94,93,0,0,0,0
3567.87,8,1568.48,26,0,0,0,0
1331.56,6,569.16,184,0,0,0,0
644.7,19,973.61,54,1,1,0,1
1779.12,21,1123.38,51,0,0,1,0
364.2,13,685.86,27,0,0,1,0
2167.56,10,530.56,87,0,0,0,0
1650.13,6,536.0,23,1,0,0,1
806.09,9,1745.54,184,0,0,0,0
474.1,8,475.67,166,0,0,0,0
451.84,3,739.41,33,0,0,0,0
1872.1,15,998.64,65,0,0,0,0
3748.01,9,773.11,89,0,0,0,0
579.81,18,1274.91,39,0,0,0,0
1734.35,23,527.44,9,0,1,0,0
136.04,16,996.26,80,0,0,0,0
611.17,8,226.61,11,0,0,1,0
1063.1,12,1492.41,173,0,0,1,0
441.56,0,1304.91,134,0,0,0,0
429.87,1,554.1,142,0,0,0,0
562.4,12,865.5,106,0,0,0,0
1468.79,23,1135.28,48,0,0,0,0
909.3,8,356.86,74,0,0,0,0
116.95,6,609.89,95,1,0,0,1
131.54,15,303.85,167,0,0,0,0
597.73,18,1316.92,66,0,1,0,0
1733.13,6,1089.7,24,0,0,0,0
70.28,5,561.96,167,0,0,0,0
665.32,17,524.19,169,0,0,0,0
647.91,18,608.27,76,0,0,1,0
4395.51,10,388.25,124,0,0,0,1
746.19,11,599.19,186,1,0,0,0
1608.39,9,356.87,99,0,0,0,0
1263.02,12,1140.25,131,0,0,0,0
130.25,11,1315.75,117,0,0,0,0
2364.23,20,1172.76,111,0,0,0,0
1360.21,9,324.89,84,0,0,0,0
1823.05,19,586.94,32,0,0,0,0
55616.64,17,944.67,164,0,0,0,1
136.44,3,1054.96,143,1,0,0,0
6153.01,23,220.67,174,0,0,1,1
822.67,4,1037.21,155,0,1,0,0
1461.66,4,315.46,34,0,0,0,1
1047.84,11,606.45,13,0,0,0,0
717.49,2,1414.45,63,0,0,0,0
620.28,7,1304.07,160,0,0,0,0
1524.63,21,1473.92,83,0,0,0,0
240.53,1,350.81,107,0,0,0,0
2322.92,17,406.84,118,0,0,0,1
723.29,8,474.53,165,1,0,0,0
354.22,12,609.19,51,0,0,0,0
699.24,6,757.5,102,0,0,0,0
3855.09,9,1431.32,154,1,0,0,0
642.05,8,381.01,161,0,0,0,0
1569.41,21,456.09,166,0,0,0,0
527.97,14,1562.72,46,0,0,0,0
2340.04,4,331.81,184,1,0,0,1
2176.57,11,1028.76,51,0,0,0,0
6964.69,0,630.69,78,1,0,0,1
920.06,11,839.53,55,0,0,0,0
2140.2,21,408.78,177,0,0,0,1
1209.63,5,1016.69,98,0,0,0,0
4007.3,18,449.2,124,0,0,0,0
534.41,18,283.79,79,0,1,1,1
2310.01,15,887.16,166,0,0,0,0
902.62,18,148.14,153,0,0,0,0
1028.45,2,473.05,127,0,0,0,0
1202.01,22,792.1,145,0,0,0,0
1411.26,9,1048.03,186,0,0,0,0
976.3,17,1388.41,157,0,0,0,0
1359.28,12,1932.42,126,0,0,0,0
5314.1,17,1608.49,25,1,0,1,1
2937.9,2,746.15,5,0,0,0,0
2615.35,22,1306.84,190,0,0,0,0
695.38,2,739.27,73,0,0,1,0
450.68,22,1003.8,90,0,0,0,0
2850.64,11,464.24,75,0,0,1,1
2633.44,19,877.65,17,0,0,0,0
4782.27,6,500.72,184,0,1,1,1
599.45,23,599.37,27,1,0,1,1
871.71,7,879.31,153,0,0,1,0
212.83,8,2332.81,10,0,0,0,0
740.65,13,842.91,152,0,0,1,0
2970.75,4,660.49,80,0,0,0,1
687.8,20,403.81,172,0,0,0,0
2080.74,18,1138.79,13,0,0,0,0
906.41,20,543.88,182,0,0,0,0
1516.34,15,832.55,32,1,1,0,1
348.04,23,1013.5,143,0,0,0,0
1194.17,11,1420.08,120,0,1,1,1
55.08,20,1102.6,100,0,0,0,0
909.69,3,319.23,79,0,1,1,0
214.76,7,237.38,92,0,0,1,0
3662.84,6,1013.21,60,0,0,0,0
2386.08,14,700.37,109,0,0,0,0
1748.78,5,841.24,39,0,0,0,0
5019.1,4,1866.56,29,0,1,0,0
424.57,13,459.46,117,0,0,0,0
6294.07,20,1443.53,103,1,0,0,0
2785.52,12,462.2,151,0,1,0,0
865.62,9,1701.32,35,0,1,0,0
3413.93,17,1043.47,85,0,0,0,0
362.75,3,269.27,54,0,0,0,0
480.82,7,517.82,91,0,0,0,0
596.7,23,2099.39,195,0,0,0,0
646.14,10,1947.14,51,0,1,0,0
381.25,16,955.78,5,0,0,1,1
3725.97,17,822.66,129,0,0,0,1
846.53,20,768.04,190,0,1,0,0
1560.1,10,864.56,142,0,0,0,0
619.96,15,611.26,140,0,1,1,0
177.58,11,1375.55,110,0,0,0,0
1436.63,12,940.78,129,0,1,0,0
162.02,15,372.7,158,0,0,0,0
1023.89,22,985.35,166,0,0,0,0
279.13,20,734.35,23,0,0,0,0
8000.63,0,551.43,76,1,0,0,1
2728.11,15,2077.91,133,0,0,0,0
1218.96,14,707.87,180,0,0,0,0
3880.45,5,205.59,157,0,0,0,1
470.45,11,575.48,28,0,0,0,0
1888.39,7,1207.24,179,0,0,0,0
1339.18,6,381.5,88,0,0,1,0
1427.99,1,1182.87,124,0,0,1,1
3914.15,11,365.54,73,1,1,0,1
2281.28,20,1483.27,199,0,0,0,0
1463.7,13,471.76,164,0,1,1,0
209.58,15,538.57,149,0,0,0,0
419.87,10,515.14,193,0,0,0,0
970.0,19,951.91,110,0,0,0,0
1203.96,8,2011.17,73,0,0,0,0
354.18,9,671.09,15,0,0,0,0
12230.36,16,660.8,170,1,0,0,1
4996.01,11,471.56,151,1,0,0,1
2002.43,5,250.53,107,0,0,0,0
1178.55,18,500.64,149,0,0,1,0
886.95,10,312.5,17,0,0,0,0
423.3,8,214.35,5,0,0,0,0
1184.98,20,635.11,6,0,0,0,0
1419.06,5,480.32,113,1,1,1,0
316.79,23,1519.21,198,0,0,0,0
1531.77,15,398.07,148,0,1,0,0
938.93,19,994.48,8,1,0,0,0
162.75,15,982.89,61,1,1,0,0
463.87,5,1483.68,117,0,0,0,0
725.16,4,595.54,27,0,0,0,0
7242.25,20,1467.66,128,0,0,0,0
1913.24,3,931.29,121,0,0,0,0
288.45,1,1317.6,134,0,0,0,0
1782.97,5,2797.54,199,0,1,0,1
233.39,8,617.74,91,1,0,0,0
3237.93,16,736.92,158,0,0,0,0
684.63,13,535.34,129,0,1,0,0
998.61,6,1678.05,115,0,1,0,0
4129.03,21,3174.14,11,0,0,0,0
302.73,18,1033.29,48,1,1,0,0
271.21,0,253.14,165,0,0,0,0
611.8,19,391.56,117,0,0,1,0
3097.59,14,1333.76,196,0,0,0,0
240.0,17,334.75,168,0,0,0,0
64.58,2,463.91,8,1,0,0,0
698.43,17,454.24,122,0,0,0,0
1904.05,1,635.05,27,0,0,0,0
3641.9,9,775.9,157,0,0,0,0
690.1,10,214.08,94,1,0,0,0
726.74,23,266.01,96,0,0,0,0
3476.92,2,269.85,159,0,0,0,0
169.06,6,289.91,55,0,0,1,0
743.58,7,671.56,119,0,0,0,0
1326.67,18,747.51,85,0,1,0,1
1718.52,17,1221.59,107,0,1,0,0
658.65,12,927.93,84,1,0,0,0
1135.06,12,469.02,155,0,0,0,0
91.07,23,763.53,107,0,1,1,1
567.79,18,1252.05,13,0,0,1,1
1725.91,22,580.31,37,0,0,0,0
410.64,11,552.11,39,0,0,0,0
1163.26,16,377.29,54,0,0,0,0
1714.49,21,410.39,28,0,0,0,0
778.56,11,1003.6,156,0,0,0,0
1300.45,12,663.62,151,0,0,0,0
418.75,11,2153.9,43,0,0,0,0
891.93,18,443.18,193,0,1,0,0
2018.71,13,1050.29,29,0,0,0,0
1283.02,6,838.69,157,1,0,0,0
610.01,12,630.41,159,0,0,0,0
1372.26,5,512.19,36,0,0,1,0
2240.85,23,953.43,143,0,0,0,0
141.18,18,921.13,112,0,0,0,0
3494.95,18,750.84,37,0,0,0,1
783.48,3,858.67,151,0,0,0,0
1678.22,18,679.86,111,0,0,0,0
3630.94,8,248.46,115,0,1,0,0
278.2,15,699.68,125,0,1,0,0
539.45,3,566.16,20,0,0,0,0
821.76,5,2138.26,15,0,1,0,0
500.82,7,972.66,102,0,0,1,0
6216.34,23,750.62,120,0,1,0,1
465.55,15,878.05,187,0,0,1,0
629.2,4,360.01,29,0,0,0,0
1345.32,20,461.34,97,0,0,0,0
329.59,21,544.1,115,0,1,0,0
738.28,9,839.71,100,0,0,0,0
1506.36,22,512.42,166,0,0,0,0
786.14,12,492.32,16,1,1,0,0
998.86,13,350.47,25,0,0,1,0
645.91,6,675.24,131,0,0,0,0
241.18,19,734.61,33,0,0,0,0
1512.61,5,860.16,183,0,1,0,0
6341.9,6,438.08,125,0,1,0,1
1117.0,4,830.86,128,0,1,0,0
1373.7,20,356.32,155,0,0,0,0
2192.34,17,583.22,37,0,0,0,0
308.18,22,797.07,140,0,0,0,0
6018.03,11,569.51,174,0,0,0,0
1342.55,5,260.58,81,0,0,0,0
5607.48,0,279.9,45,0,0,0,0
526.88,3,759.41,78,0,1,0,0
6755.16,18,941.8,67,1,1,0,1
2380.71,11,815.33,18,0,0,1,0
1906.53,14,955.51,194,0,0,0,0
1385.79,2,562.1,79,0,0,0,0
855.32,22,1035.94,178,1,0,1,1
3642.89,19,813.74,71,0,0,0,0
1261.88,7,453.2,97,1,0,0,0
153.38,10,905.67,57,0,1,0,1
358.82,15,794.43,184,0,0,1,0
910.65,8,1814.38,98,0,0,0,0
1495.18,2,1521.71,117,0,0,0,0
1036.3,4,629.31,139,0,0,0,0
3710.68,19,517.7,186,0,0,0,0
155.85,13,1695.05,15,0,1,0,0
1265.96,14,926.05,29,0,0,0,0
178.04,5,599.15,191,1,1,0,0
2344.23,3,201.66,198,0,0,0,1
997.79,7,422.72,159,0,0,1,0
1668.38,18,405.44,87,0,1,0,0
462.26,4,609.22,190,0,0,0,0
3942.08,12,964.02,97,0,0,0,0
3107.97,15,1056.54,143,0,0,1,0
1965.58,0,1636.02,59,0,0,0,0
963.41,12,1163.09,23,1,0,0,0
1958.35,21,304.82,96,0,1,1,1
540.83,10,1233.99,171,0,1,0,0
2580.03,20,1881.82,94,0,0,0,0
5707.18,7,1826.73,15,0,0,0,0
3199.05,7,321.27,146,0,1,0,1
528.69,23,593.09,64,0,0,0,0
1574.07,13,1183.92,168,0,0,0,0
300.92,12,331.95,45,0,0,0,0
1943.78,2,236.29,134,0,0,0,1
1720.9,3,803.02,189,0,0,1,0
169.05,19,443.48,111,1,0,0,0
343.17,14,249.92,64,0,1,1,0
826.22,14,1390.91,152,1,0,1,0
811.71,20,734.06,26,0,1,0,0
327.18,12,486.67,132,1,0,0,0
1618.05,8,373.08,130,0,0,0,0
1410.18,9,738.59,107,0,0,1,0
903.01,11,906.19,136,0,1,0,0
515.02,13,808.81,188,0,0,0,0
3129.75,0,267.37,114,0,0,1,1
5741.11,13,885.46,62,0,0,0,1
676.17,13,1008.95,69,0,0,1,0
594.57,7,541.29,62,0,0,0,0
1792.22,15,1241.12,162,1,0,1,1
766.6,13,398.96,80,0,1,0,0
953.94,0,1442.81,23,0,0,0,0
2297.68,15,720.1,132,0,0,1,0
162.49,17,493.88,194,0,1,0,0
4098.2,6,549.46,108,0,0,0,0
1179.3,14,1211.45,111,0,1,0,0
726.69,23,766.89,122,0,0,0,0
1003.02,16,979.5,83,0,1,0,0
1056.2,18,1267.5,88,1,0,1,0
194.18,22,485.13,176,0,0,0,0
4889.95,12,717.93,122,0,0,0,0
1142.9,8,581.33,193,0,0,0,0
1707.87,23,1224.43,153,0,0,0,0
2839.97,23,528.76,14,0,1,0,0
394.98,14,684.51,34,1,0,0,0
1760.71,2,2637.1,28,0,1,0,0
839.12,23,1438.09,180,0,0,0,0
2557.46,0,357.4,59,0,0,1,1
130.68,15,1142.74,108,1,0,0,0
993.17,7,1005.52,131,0,0,1,0
600.15,22,343.65,184,0,0,0,0
1689.63,12,622.64,129,0,1,0,0
1754.68,7,376.67,170,0,0,0,1
540.43,16,158.29,199,0,0,0,0
537.98,21,609.36,97,0,0,0,0
981.75,22,490.95,12,0,0,0,0
447.36,13,343.59,161,0,1,1,0
2545.25,20,661.33,142,0,0,0,0
758.08,20,186.35,79,1,0,0,1
59.92,6,681.82,181,0,0,0,0
753.84,14,671.32,190,0,0,0,0
388.17,15,999.49,167,0,0,0,0
214.59,18,254.19,182,0,0,0,0
318.17,5,2401.03,44,1,1,0,0
1223.42,22,1907.37,144,0,0,0,0
4140.79,0,418.25,89,0,0,1,1
1499.95,11,1596.94,20,0,0,0,0
597.94,17,1112.36,82,0,0,0,0
1730.05,15,510.99,52,0,1,0,0
692.92,11,462.15,95,0,0,0,0
547.52,19,483.6,133,0,0,1,0
345.72,12,3625.77,197,0,0,0,0
190.22,7,1504.28,26,0,0,0,0
742.54,21,588.95,147,1,1,0,0
1284.41,0,620.26,199,0,0,0,0
995.63,20,1105.96,18,0,1,0,0
723.45,6,1077.27,77,0,0,1,0
425.92,14,374.61,23,0,0,0,0
2014.74,21,795.14,44,0,1,0,0
293.79,12,477.46,102,0,0,0,0
2382.79,12,728.74,8,0,0,0,0
402.54,8,646.25,37,0,0,0,0
516.75,23,1224.87,47,0,0,0,0
252.96,14,566.25,169,0,1,0,0
664.21,3,714.08,198,0,1,0,0
2908.27,12,215.54,31,0,1,0,0
1836.52,11,807.7,177,0,1,1,1
2917.32,4,416.92,85,1,0,0,1
1848.52,6,267.66,117,1,0,0,0
363.7,7,1309.59,182,0,0,0,0
787.77,4,648.68,121,0,0,1,1
502.6,8,191.27,128,0,0,0,0
4148.8,13,415.64,99,0,1,0,1
331.36,11,667.14,67,0,1,0,0
2680.34,3,679.16,138,0,0,1,0
2678.34,19,492.92,128,0,0,0,0
6833.69,7,88.31,120,0,0,0,1
728.01,16,477.64,99,0,0,0,0
2235.73,7,1264.74,71,0,0,0,0
10739.16,20,1542.93,199,0,0,0,0
591.32,0,461.97,101,0,1,0,1
236.27,19,2059.05,120,1,0,0,1
167.33,1,252.09,191,0,0,0,0
2236.6,3,409.11,17,0,0,0,1
166.81,23,1135.58,153,0,0,0,0
755.73,20,1033.22,68,0,0,0,0
1698.18,0,661.31,169,0,1,0,0
1319.72,6,339.86,89,1,1,0,0
1678.15,0,339.31,180,0,0,0,0
1369.62,8,430.35,60,1,1,1,1
3939.72,2,348.28,176,0,0,1,1
423.13,11,719.4,145,0,1,0,0
557.24,18,629.32,136,0,0,0,0
506.41,14,331.35,116,0,0,1,0
2515.41,21,537.58,37,0,0,0,0
2698.36,15,135.69,169,0,1,0,0
1721.97,9,815.28,57,0,0,0,0
3581.34,21,1022.53,105,0,0,0,0
337.63,5,384.87,156,0,0,0,0
5809.35,16,414.96,93,0,0,1,1
5030.32,20,776.45,183,1,0,0,1
2288.43,21,708.93,173,0,0,0,0
6514.59,23,1057.72,33,0,0,0,0
209.22,16,417.38,191,0,0,1,0
649.08,20,447.5,172,0,0,0,0
525.68,18,582.65,55,1,0,1,0
2256.29,17,350.84,54,0,0,0,0
383.7,10,575.08,115,0,0,0,0
2339.04,23,354.3,40,0,0,0,0
4317.95,6,854.52,113,0,0,1,0
2197.78,9,379.49,64,1,0,0,1
1456.44,6,774.13,150,0,0,1,0
408.35,4,1593.95,24,0,0,0,1
470.2,11,860.0,137,0,0,1,0
3826.17,15,739.17,150,0,0,0,0
2390.72,20,293.48,128,0,0,0,0
1054.67,17,1530.61,172,0,0,0,0
722.05,2,1299.11,5,0,0,0,0
144.63,19,605.58,23,0,0,0,0
375.83,14,528.23,91,0,0,0,0
7416.18,4,408.14,158,0,1,0,1
304.77,12,1946.18,33,1,0,0,1
1325.41,18,1064.63,63,0,0,0,0
3003.23,11,421.98,67,1,0,0,0
312.65,22,1286.35,102,0,0,1,0
1319.11,20,1485.47,194,0,0,0,0
2801.51,4,656.73,52,0,0,0,1
1110.43,5,540.99,66,0,0,0,0
19310.48,6,366.56,22,0,1,0,1
206.73,9,1016.84,198,0,0,0,0
3161.27,15,514.79,31,0,0,0,0
922.6,7,502.17,10,0,0,0,0
2373.02,8,660.56,191,0,0,0,0
1704.98,3,407.16,10,0,0,0,0
526.81,20,1664.12,35,0,0,0,0
1378.84,20,1188.86,109,0,0,1,0
171.07,7,696.41,98,0,0,0,0
2004.7,6,399.12,60,0,0,0,1
1477.58,14,412.26,186,0,0,0,0
2076.96,20,401.49,173,0,0,0,1
3159.34,2,317.85,22,0,1,0,1
1583.86,16,807.23,91,0,1,0,0
1271.67,10,452.39,27,0,0,0,0
454.38,8,437.15,168,0,0,0,0
537.96,4,408.15,29,0,0,1,0
3592.97,9,1214.57,11,0,0,0,0
4611.62,14,421.94,152,0,0,1,1
864.27,13,1424.29,137,0,0,1,0
1148.26,3,559.69,22,0,0,0,1
443.81,20,315.12,110,1,0,0,0
3543.1,19,881.44,37,0,0,1,0
2133.28,1,1132.71,83,0,0,0,0
7640.49,11,397.49,39,1,0,0,1
455.63,0,690.86,114,1,0,1,1
751.44,23,805.19,69,0,0,0,0
1382.22,19,704.42,67,0,0,0,0
2093.28,4,505.28,76,0,0,1,1
883.89,5,1128.87,45,0,1,0,0
458.08,23,572.11,182,1,0,0,0
2647.6,10,462.47,132,0,0,0,1
2255.52,7,230.66,112,0,0,0,1
438.66,6,231.96,108,0,1,1,1
4253.27,3,757.14,162,0,0,0,1
3534.05,5,635.09,42,0,0,0,0
1254.25,15,1132.82,39,0,0,0,0
1187.49,19,1310.51,198,0,1,1,0
1908.47,14,574.18,178,1,0,0,0
463.26,13,1175.2,140,0,0,0,0
1130.07,22,474.8,106,0,0,1,0
127.44,11,607.93,72,0,0,0,0
2634.52,11,597.59,41,1,0,1,0
230.1,15,1715.46,89,1,0,1,0
4931.61,14,308.87,145,0,0,1,0
788.3,12,689.17,177,0,0,0,0
887.43,10,438.07,33,0,0,0,0
585.38,16,555.9,45,0,0,0,0
822.18,20,541.82,60,1,0,0,0
4530.25,14,694.53,20,0,0,0,0
91.12,13,1492.41,144,0,0,1,0
3932.24,9,2082.24,70,0,0,0,0
1537.67,11,986.28,194,1,0,0,1
327.99,15,369.64,151,0,1,0,0
374.16,14,598.98,162,0,1,0,0
5862.86,9,777.72,148,0,0,1,1
426.02,3,521.05,145,0,0,0,0
346.07,22,563.27,73,0,1,0,1
3419.72,8,637.34,27,0,0,0,0
1538.48,20,1057.15,194,0,0,0,0
429.26,19,914.25,163,0,0,0,0
1361.88,8,461.23,57,0,0,0,0
393.17,20,949.28,124,0,1,0,0
3297.18,23,1871.73,149,1,1,0,1
3169.63,19,268.33,132,1,0,1,1
1866.85,10,511.63,53,0,0,0,0
1574.45,10,488.82,181,1,0,1,0
6381.69,6,697.81,199,0,0,1,1
1096.29,20,222.67,158,0,0,0,1
336.34,9,1505.16,17,0,1,0,0
1718.96,3,684.08,112,0,0,1,1
8831.21,4,795.43,170,0,0,1,1
397.52,4,742.03,154,0,0,0,1
763.98,10,487.89,89,0,1,0,0
1663.11,8,1011.5,161,0,0,0,0
1039.08,15,667.23,49,0,0,0,0
410.63,8,190.41,178,0,0,0,0
3367.27,21,623.35,171,0,0,0,0
11159.44,3,563.1,86,0,0,0,1
1334.26,1,1010.34,72,0,1,0,0
444.05,13,3363.87,101,0,0,1,0
233.0,2,834.32,171,0,0,1,1
1419.38,17,2372.93,152,0,1,1,0
3307.27,20,440.66,81,0,0,0,0
1763.7,5,457.93,39,0,0,0,0
1094.0,10,573.72,140,1,0,1,1
608.34,20,858.44,56,0,1,0,0
367.91,17,452.89,44,0,0,0,0
2526.91,11,252.87,125,0,0,0,0
2734.69,4,674.41,117,0,0,1,1
233.75,8,335.02,115,1,0,0,0
5376.75,19,1299.19,40,0,0,0,0
1947.05,17,978.79,138,0,0,0,0
4445.26,18,421.7,74,0,0,1,1
286.54,2,874.35,77,0,0,0,1
279.83,8,478.71,20,0,1,0,0
944.85,3,644.64,178,0,1,0,0
1813.08,16,648.72,191,0,0,0,0
6610.14,16,543.82,42,0,0,0,0
2221.81,22,1094.89,22,0,0,0,0
860.33,22,339.85,16,0,1,1,1
392.93,1,917.99,58,0,0,0,1
3751.84,8,798.49,179,0,1,0,1
417.92,8,286.36,5,1,0,0,0
5588.51,4,412.96,147,0,0,0,0
825.19,14,345.04,115,0,0,1,0
5380.74,14,533.87,25,0,0,0,0
2162.31,2,684.75,133,0,0,0,0
956.24,18,381.06,97,0,0,0,0
652.36,2,1189.72,199,0,0,0,0
779.84,5,1254.72,144,0,0,0,0
1682.97,3,1395.0,128,0,0,0,0
1184.6,23,130.21,160,0,0,0,1
605.58,12,2140.73,43,0,0,1,0
929.24,12,734.83,169,0,1,1,1
1186.28,10,684.29,64,0,0,0,0
130.49,4,625.7,163,0,0,0,0
1733.97,0,301.04,190,0,0,0,0
411.69,8,825.39,101,0,0,0,0
346.08,16,1749.64,108,0,0,0,0
202.89,21,729.54,143,0,1,0,0
182.38,0,340.68,114,0,0,1,1
282.75,2,266.35,33,0,0,0,0
539.68,14,557.57,93,1,0,0,0
7733.05,20,425.64,123,1,0,0,0
648.15,22,1013.89,145,0,1,0,0
1309.96,9,1513.61,55,1,0,0,0
1636.77,7,881.65,112,0,0,1,0
1250.21,11,632.03,186,0,0,0,0
1014.91,21,614.3,151,0,0,1,0
331.86,14,694.12,62,0,0,0,0
4679.41,8,331.64,40,0,0,0,0
6682.16,23,954.66,32,0,0,0,0
203.84,9,347.76,135,0,0,0,0
393.85,19,1299.46,105,0,1,0,0
828.97,8,534.88,111,0,0,0,0
417.99,14,1094.97,93,1,0,1,0
1818.86,22,274.8,173,1,0,0,1
529.39,20,1090.35,39,1,0,0,0
9557.26,20,1506.46,97,1,0,1,1
3606.7,0,308.29,109,0,0,0,1
1356.38,1,621.35,80,0,1,0,0
3062.5,18,813.16,88,0,1,1,1
3313.96,13,837.42,80,1,1,1,1
623.94,7,542.54,54,0,0,0,0
484.82,5,488.09,104,0,0,0,0
1185.76,11,774.3,162,0,1,1,0
2595.76,14,821.83,76,0,0,0,0
1260.24,13,456.49,119,0,0,0,0
226.56,20,405.44,81,0,0,0,0
491.36,0,1375.85,125,0,0,0,0
1018.44,10,709.53,58,0,0,0,0
1016.72,2,170.2,75,0,1,0,1
7883.62,18,1380.92,89,0,0,0,0
274.24,17,464.85,106,0,0,1,1
1818.18,19,692.32,111,1,0,0,0
4861.55,1,832.9,183,0,0,0,0
10630.15,6,273.09,32,0,0,0,0
731.87,7,559.32,196,0,0,1,0
1792.61,18,1466.37,112,0,0,0,0
1938.68,21,1278.72,25,0,0,0,0
1333.39,14,558.8,159,0,0,1,0
993.42,9,1021.98,31,0,0,1,0
1695.91,21,1106.01,81,0,0,0,0
87.16,0,1072.66,54,0,0,0,0
2169.1,5,334.42,161,0,0,0,0
1244.11,12,1780.57,171,0,0,0,0
877.89,13,503.56,61,0,0,1,0
8491.85,2,710.24,123,0,0,0,0
558.39,10,538.74,169,0,0,0,0
732.84,2,763.46,68,1,0,0,0
8034.93,18,396.01,52,0,0,0,1
477.2,9,581.1,154,0,0,0,0
632.63,14,742.23,162,0,1,1,0
946.69,10,1386.85,160,0,0,0,0
2542.07,14,1289.95,155,0,0,0,0
1349.92,23,1329.73,8,0,0,0,0
301.08,12,1120.12,135,0,0,0,0
644.09,4,2014.26,65,1,0,0,0
597.44,3,558.87,100,0,0,1,0
1015.14,12,605.07,8,0,0,0,0
1678.82,8,590.3,69,0,0,0,0
1666.04,16,641.19,144,0,0,0,0
185.67,1,280.98,145,0,0,0,0
3177.79,23,779.66,166,0,0,0,0
1411.73,4,895.72,128,0,0,0,0
4378.81,15,569.95,191,0,0,0,0
1709.91,6,231.74,97,0,0,0,0
3298.83,0,673.75,35,0,0,0,0
1748.56,11,305.87,75,0,0,0,0
4214.25,20,859.53,145,0,0,0,1
1848.72,10,714.5,186,0,0,0,0
994.35,11,757.8,6,0,0,1,0
10640.63,18,351.91,165,0,1,0,1
2667.87,11,1417.93,54,0,1,1,0
1946.41,11,736.66,139,0,1,0,0
306.03,13,384.31,150,0,0,0,0
302.38,1,941.79,183,0,1,0,1
1469.56,1,705.31,12,0,0,0,0
1268.41,3,2002.5,59,0,0,0,0
593.41,19,477.36,47,0,1,0,0
1262.67,22,314.66,191,0,1,0,1
5370.23,15,791.25,34,0,0,0,0
2198.22,9,1220.89,63,0,1,1,0
350.37,12,2680.56,13,1,0,0,0
980.92,1,5172.79,72,0,0,0,0
490.31,2,262.11,171,0,0,1,1
744.19,18,613.3,85,0,1,0,0
725.15,5,315.28,143,1,0,1,0
680.18,18,573.39,127,1,1,0,1
312.58,20,2940.53,134,0,0,0,0
965.21,19,406.74,27,0,0,0,1
626.03,18,656.44,195,0,0,0,0
58.59,7,469.41,26,0,0,0,0
8543.89,13,364.32,193,0,0,0,1
3257.68,9,1950.17,158,0,0,0,0
752.72,2,264.13,144,0,0,0,0
1117.47,5,633.01,164,0,0,1,0
339.8,14,701.19,13,0,0,0,0
5977.29,22,652.08,94,0,0,0,0
7312.12,22,550.36,37,0,0,0,0
1282.66,17,1752.16,156,0,0,0,0
3051.93,13,187.33,93,0,1,1,1
1306.73,18,864.26,99,0,1,0,0
288.09,9,887.67,73,0,0,0,0
726.46,14,790.13,42,0,0,0,0
1251.29,3,404.03,143,0,0,0,0
696.07,22,1370.62,164,1,0,0,0
881.25,1,1330.07,68,1,0,0,0
1000.85,2,395.58,76,0,0,0,0
1011.43,6,324.17,24,0,0,0,0
1155.47,22,288.69,38,0,0,1,1
379.71,15,761.46,115,0,0,0,0
535.38,9,684.08,46,0,1,0,0
303.51,18,535.57,140,0,0,1,0
2915.56,16,2318.77,70,0,0,1,0
133.53,18,504.39,25,1,0,0,0
3475.84,4,744.34,83,1,0,0,0
4386.77,22,591.95,74,1,0,0,1
810.64,19,2160.02,9,0,0,0,0
81.2,12,201.58,71,1,0,0,0
764.09,12,552.28,175,0,0,0,0
1028.46,10,961.56,20,0,0,0,0
399.18,10,582.06,103,0,0,0,0
655.1,15,304.11,77,0,0,0,0
5065.43,14,739.49,39,1,0,0,1
2132.24,16,251.44,87,0,0,0,0
435.04,21,994.4,175,0,0,0,0
221.94,17,519.07,114,0,0,0,0
790.75,18,469.24,43,1,0,1,0
885.85,3,1246.0,14,0,1,0,0
1801.18,21,364.33,152,0,0,0,0
642.06,21,263.62,5,0,1,1,1
1828.95,22,385.18,10,0,0,0,0
7594.31,4,2271.51,185,0,0,0,0
2478.73,6,364.23,178,0,1,0,0
1045.15,1,828.25,70,0,0,0,1
913.1,0,1103.25,42,1,0,0,0
767.64,11,378.48,165,0,0,0,0
3571.14,9,378.77,71,0,1,0,1
585.63,7,741.07,104,0,0,1,0
1147.36,0,761.43,81,0,0,0,1
1154.24,11,1493.04,39,0,0,0,0
663.96,1,419.25,49,0,1,0,1
277.98,9,530.41,154,0,0,1,0
1514.7,21,3652.03,72,1,1,0,1
1031.73,16,226.88,21,0,1,0,1
1808.48,2,200.61,9,0,0,0,1
643.16,6,290.09,61,1,0,0,0
3717.55,11,1288.15,99,0,0,0,0
456.33,7,511.34,172,0,0,0,0
6075.63,19,511.23,34,0,0,0,0
191.02,11,372.73,174,0,0,0,0
1693.87,2,1154.07,11,0,0,0,0
1764.16,16,292.79,128,0,1,1,1
494.94,8,469.23,95,0,0,0,0
1676.38,9,381.69,151,0,0,1,0
3942.3,21,133.84,173,0,0,0,0
119.48,5,499.22,166,0,0,0,0
1813.01,0,641.94,154,0,0,0,0
90.62,21,417.67,56,1,0,0,0
417.52,11,566.25,10,0,0,0,0
5592.41,4,575.03,113,0,0,0,0
612.91,12,614.12,99,0,0,0,0
339.04,14,353.39,157,0,0,0,0
899.7,21,341.42,70,0,0,0,0
8672.45,10,684.14,14,0,1,0,0
175.62,7,274.33,30,0,0,0,1
383.25,4,584.95,137,0,0,0,0
4902.16,1,1774.54,72,0,0,0,0
7028.32,11,649.83,102,1,0,0,1
988.88,1,222.31,75,0,0,0,1
317.65,15,740.92,54,0,0,0,0
8918.15,20,1086.91,21,1,1,0,1
5401.56,2,412.74,15,0,0,0,1
2162.34,9,555.92,57,0,0,0,0
486.68,18,392.83,54,0,0,0,0
1044.16,7,504.06,140,0,0,0,0
934.15,6,446.16,128,0,1,0,0
1526.68,0,863.85,66,0,0,0,0
4679.76,11,1798.95,80,1,1,0,0
2642.33,4,688.37,127,0,0,0,0
373.39,15,263.74,94,1,1,0,0
4343.76,3,3034.07,33,0,0,0,0
1499.87,16,943.63,106,0,0,0,0
2179.97,23,1066.23,105,0,1,0,0
4753.05,20,640.19,114,0,0,1,1
360.83,1,764.82,176,0,0,0,0
1058.04,11,541.8,113,0,0,0,0
644.55,0,1143.92,177,0,0,1,0
228.64,11,499.48,33,0,0,0,0
1551.09,11,892.14,63,0,1,1,0
13515.01,11,1189.92,147,0,0,0,0
174.15,18,1404.67,74,1,1,0,1
1061.8,16,1235.42,100,0,1,0,0
2080.87,19,359.91,48,0,0,0,0
1240.26,23,1708.97,168,0,1,1,1
979.33,23,990.84,88,0,0,1,0
299.1,10,799.0,125,0,0,0,0
1384.07,12,856.22,61,0,0,0,0
514.52,7,604.84,121,0,0,1,0
122.74,9,502.72,68,0,0,0,0
3621.31,7,533.2,103,0,0,0,0
2859.45,19,1440.69,42,0,0,0,0
1154.78,7,698.29,149,0,0,1,0
1378.95,8,787.63,31,0,1,0,0
3210.94,6,689.58,21,0,0,0,0
1372.43,13,445.52,67,0,0,1,0
2708.14,1,183.44,15,0,0,0,1
814.45,10,1054.93,68,0,0,0,0
4072.38,7,989.96,43,0,0,0,1
1511.39,12,660.59,134,0,0,1,0
1331.49,20,345.8,119,0,1,0,0
307.95,14,1983.25,198,0,0,0,0
1461.12,2,542.02,186,0,0,0,0
477.25,22,771.97,161,0,0,0,0
579.24,13,436.2,49,0,1,1,0
485.23,14,295.94,92,0,0,1,0
377.57,1,947.46,84,0,0,0,0
9179.9,18,270.3,163,0,0,0,0
4151.97,11,763.13,181,0,0,0,0
7482.84,19,764.46,13,0,0,0,0
322.82,3,339.73,159,0,0,1,0
1177.62,2,305.56,188,0,0,0,0
300.81,4,418.94,109,0,0,0,0
546.92,2,456.44,129,0,0,0,0
437.85,14,265.64,82,0,1,0,0
3787.96,18,338.63,49,0,0,0,0
737.87,1,696.13,175,0,0,0,1
3191.92,11,2194.64,112,0,1,0,0
2006.45,4,1217.54,154,0,1,0,0
10977.89,21,732.39,103,0,1,0,0
249.77,16,1308.98,165,0,0,1,0
3863.13,13,1330.46,31,1,0,0,0
3451.07,21,553.92,44,0,1,0,1
414.31,9,776.45,30,0,0,0,0
3002.3,2,1196.0,87,0,0,0,0
1534.78,3,1298.13,177,0,0,0,0
873.51,5,1305.63,177,0,0,0,0
481.09,23,359.17,30,0,0,0,0
534.26,21,1346.19,74,0,0,0,0
8516.94,15,2028.08,71,0,0,0,1
1097.38,6,1629.55,10,0,0,1,0
2397.38,14,346.78,32,0,0,0,0
497.25,20,298.21,199,0,0,0,0
502.78,19,879.31,17,0,1,0,0
3235.65,10,1611.47,67,0,1,0,0
284.41,21,761.81,17,0,0,0,0
724.0,20,577.68,133,1,1,1,1
1134.59,0,630.11,44,0,0,0,0
1225.83,4,1226.96,169,0,0,1,0
916.82,12,548.42,35,1,0,0,0
1629.16,20,887.65,21,1,1,0,0
2192.63,13,615.1,141,0,0,0,0
2286.18,8,390.33,113,0,0,0,0
409.2,16,372.41,68,0,0,1,1
825.38,14,911.59,61,0,0,1,0
3621.93,20,131.2,145,1,0,0,0
2682.88,6,886.75,169,0,0,1,0
277.87,21,600.42,146,0,1,0,0
1558.5,21,1173.39,29,1,0,0,0
151.68,11,954.2,126,0,0,1,0
1149.33,22,683.19,82,1,0,0,0
7315.62,5,350.58,61,1,0,0,0
425.01,20,362.15,75,0,1,0,1
476.12,15,451.7,92,0,1,0,0
2354.37,4,1120.08,117,0,1,0,0
234.44,8,1922.2,104,1,0,0,0
582.45,13,810.73,174,1,0,0,0
1991.1,7,467.07,174,0,0,0,0
581.56,13,497.2,51,0,0,0,0
866.13,11,511.12,120,0,1,1,0
2308.11,9,1241.49,176,0,0,0,0
1671.62,19,505.15,173,0,0,0,0
1431.99,19,647.93,135,0,1,0,1
781.24,20,1490.52,94,0,0,0,0
1587.73,12,473.2,115,0,0,0,0
969.0,18,929.12,94,1,1,0,0
1733.34,14,1141.7,133,0,0,0,0
667.19,7,690.95,143,0,0,0,0
913.63,22,2148.38,139,0,0,0,0
407.5,20,1806.73,16,1,0,0,0
1058.91,9,778.88,170,0,0,0,0
487.36,2,410.64,186,0,0,0,0
359.95,20,422.45,199,0,0,0,0
1420.35,2,755.65,110,0,0,0,0
1356.6,4,345.84,126,0,0,0,0
2399.16,15,781.62,57,0,0,0,0
712.57,16,1831.44,164,0,0,0,0
1649.21,5,690.55,104,0,0,0,0
1902.26,19,657.62,177,0,0,0,0
1710.9,19,1109.78,183,0,0,0,0
480.27,15,911.33,41,0,0,0,0
1273.3,23,333.96,123,0,0,0,0
1578.36,1,506.16,63,0,1,0,1
1104.53,19,2072.21,58,0,1,0,0
136.12,14,808.57,150,0,0,0,0
1287.54,17,363.63,5,0,0,0,0
10021.93,0,592.82,153,0,0,0,1
765.06,18,228.25,32,1,0,0,0
529.49,11,218.22,116,0,0,1,0
1592.96,7,1199.14,20,0,0,1,0
1498.74,5,663.36,180,0,0,1,0
3614.6,11,908.07,32,0,1,0,0
311.73,6,1332.39,154,0,0,0,0
2278.75,17,815.4,116,0,0,1,0
1979.15,21,1032.63,133,0,0,0,0
951.32,13,776.18,120,0,1,0,0
1538.69,7,1439.19,174,1,0,0,0
3070.08,23,1927.67,102,0,0,1,0
2623.63,19,749.75,74,1,0,1,1
349.67,21,731.12,96,0,0,0,0
2490.3,13,806.01,7,0,1,1,1
1027.94,4,624.33,85,0,0,0,0
1179.53,8,523.13,48,1,1,0,0
1179.91,7,1247.63,159,0,0,1,0
943.65,1,523.56,183,0,1,1,1
3610.88,15,505.75,28,0,0,0,0
1008.56,12,1140.27,152,1,0,1,1
357.97,6,1194.0,164,0,0,0,0
739.87,15,2697.51,103,0,0,0,0
1311.2,6,1382.71,145,1,0,1,0
3748.89,13,1092.49,116,1,0,1,1
2004.39,13,1191.31,175,0,1,0,0
468.47,11,608.67,152,1,0,0,0
13163.33,0,932.0,127,0,0,0,0
1429.06,0,958.9,116,0,1,1,0
3926.06,11,480.47,134,0,0,0,0
942.26,19,645.89,72,0,0,1,0
1869.37,20,1177.84,95,0,1,0,0
2538.86,14,657.8,64,0,1,0,0
3707.8,3,960.01,136,0,0,1,0
3156.97,6,1139.2,128,0,1,0,0
2623.32,15,1107.75,100,1,0,0,0
800.24,2,1878.8,149,0,0,0,0
619.09,6,469.29,133,0,0,0,0
1529.36,23,1782.03,37,0,0,0,0
2788.13,21,884.1,34,0,0,0,0
877.68,5,1097.1,9,0,0,0,0
3181.7,15,1010.47,122,0,0,0,0
4687.32,23,980.25,144,0,0,0,1
438.64,7,453.76,164,1,0,0,0
474.89,22,1073.17,42,0,1,0,0
953.01,21,280.54,21,0,0,0,0
1491.61,5,2338.25,190,0,1,0,0
649.0,9,836.39,113,0,1,0,0
4239.51,15,1334.06,44,0,0,0,0
1675.84,10,1001.34,156,0,0,0,0
1140.76,12,679.9,144,0,0,0,0
260.89,5,480.85,115,0,1,0,0
294.18,23,429.15,132,0,0,0,0
1452.45,0,1061.69,99,0,0,1,1
129.98,20,1028.85,151,1,0,0,0
3018.87,18,929.89,33,0,0,0,0
936.22,11,619.76,184,0,0,0,0
28087.87,23,852.3,149,0,0,0,0
11024.95,5,516.09,77,0,0,0,0
914.66,17,442.09,25,0,0,0,0
986.01,12,563.18,64,1,0,1,0
2967.82,6,578.25,102,0,1,0,1
6021.99,22,1601.22,79,0,0,0,0
213.14,12,293.24,123,0,0,0,0
183.76,20,652.09,152,0,1,1,1
588.73,7,972.05,117,0,0,0,0
1964.0,20,2189.26,185,1,1,0,0
1802.4,16,461.99,118,0,0,0,0
3196.37,8,340.51,107,0,1,0,1
330.4,19,1026.39,84,0,0,0,0
108.19,12,734.3,67,0,1,0,0
2586.38,1,582.61,61,0,0,0,0
479.05,3,864.87,33,0,0,0,0
145.69,1,1115.55,133,1,0,0,1
1267.83,3,1035.07,128,0,0,1,1
2424.0,17,797.14,63,1,0,0,0
970.63,4,1465.69,196,0,0,0,0
693.78,18,748.77,90,0,1,1,0
935.09,9,682.58,75,0,0,0,0
757.04,17,1020.79,93,0,0,0,0
284.85,20,312.21,102,0,0,0,0
536.64,9,962.42,48,0,0,0,0
1846.93,4,554.5,180,0,1,0,0
1512.74,16,299.47,120,0,0,1,1
1297.33,21,858.43,79,1,0,0,1
405.39,12,505.24,147,1,0,0,0
914.61,22,252.47,167,0,0,0,0
124.33,16,394.38,27,0,0,0,0
1310.91,8,1833.15,185,0,0,0,0
4577.27,23,476.27,49,0,1,1,1
251.1,11,807.37,96,0,0,0,0
610.37,13,347.07,17,0,1,0,0
1524.02,13,2346.21,38,0,1,0,0
3838.52,7,693.4,170,0,0,0,1
700.49,22,441.23,74,0,1,0,0
548.81,4,1131.23,112,0,0,0,0
153.1,18,2275.87,137,1,0,0,0
1216.14,13,520.63,130,1,0,0,0
8451.3,8,435.97,172,0,0,1,0
1447.16,6,2636.21,25,0,0,0,0
1072.47,7,617.94,160,0,0,0,0
1513.35,13,577.11,135,0,1,0,0
1084.54,21,183.71,27,0,1,1,1
486.38,13,651.84,23,0,0,0,0
2498.09,10,294.84,54,0,0,0,0
1374.38,13,475.3,190,0,1,0,0
1116.12,20,198.63,24,0,1,0,1
413.49,7,1395.61,120,0,0,0,0
4038.01,2,275.9,96,0,0,0,1
2131.76,22,207.59,97,0,1,0,0
630.86,17,385.7,87,0,1,0,0
2986.4,2,1405.86,57,0,0,0,1
666.76,12,509.28,127,0,1,0,0
501.7,11,551.83,89,0,0,0,0
513.01,14,886.31,86,0,1,0,0
186.59,17,607.29,13,0,0,0,0
1757.32,4,1397.97,8,0,0,0,1
175.71,6,576.07,173,1,0,0,0
321.04,10,581.76,29,0,1,1,0
137.61,10,2587.68,38,1,0,0,0
1006.19,14,687.53,77,0,1,0,0
943.58,9,763.83,141,0,0,0,0
791.0,14,586.25,86,0,0,1,0
386.61,12,154.94,145,0,0,0,0
339.6,13,1122.96,141,0,0,0,0
1744.76,16,1801.4,8,0,0,0,0
632.35,12,1412.94,166,1,0,0,0
1504.71,9,475.87,11,1,0,0,0
452.48,0,599.49,19,0,0,0,0
1314.3,0,820.17,42,0,0,0,0
4037.08,14,803.01,95,0,0,0,1
1970.74,15,1000.83,56,0,0,0,0
726.03,11,751.32,85,1,0,1,1
1418.28,23,535.5,104,0,0,1,0
862.07,5,722.1,11,0,0,0,0
1105.31,5,1211.08,111,1,0,1,1
791.86,11,3826.73,49,0,0,0,1
930.45,14,493.06,63,1,0,1,0
1355.73,3,761.83,126,0,0,0,1
406.12,23,534.87,25,1,1,0,0
397.07,3,799.94,160,0,1,1,1
273.54,1,1194.39,7,0,0,1,0
221.35,23,587.06,146,0,0,0,1
324.64,11,194.88,6,0,0,0,0
1286.22,6,1232.92,33,1,1,1,1
449.09,19,719.28,150,0,0,0,0
1832.83,8,541.74,41,1,1,1,1
1135.37,8,473.82,177,0,0,0,0
153.16,7,801.69,49,0,0,0,0
2111.12,13,438.11,156,0,0,0,0
2467.1,0,469.94,124,0,0,0,0
405.91,22,314.45,50,0,0,0,0
1669.35,20,441.68,144,0,0,1,0
465.68,22,971.19,57,0,1,0,0
1209.15,11,290.41,49,0,1,0,0
309.67,1,1327.75,36,0,0,0,0
182.53,12,327.87,22,0,0,0,0
747.84,3,727.75,17,1,1,1,1
969.01,19,889.78,136,0,0,0,0
736.8,17,1090.93,27,0,0,0,0
335.62,18,1091.09,66,0,0,0,0
735.17,15,632.44,58,0,0,0,0
1435.54,13,600.08,187,0,1,1,0
1048.49,7,951.39,73,0,0,0,0
1316.2,11,785.89,172,0,0,1,0
561.09,8,540.51,18,0,0,1,0
3539.42,5,830.96,102,0,0,0,0
338.26,17,601.68,32,0,1,1,1
1785.69,1,463.9,99,0,0,0,0
3575.61,22,530.06,75,0,0,0,0
1773.85,7,890.56,71,0,1,0,0
895.58,23,381.13,161,1,0,1,1
646.58,13,1291.81,104,0,0,0,0
3090.5,5,476.1,65,0,0,1,0
264.28,9,171.41,107,0,0,0,0
415.66,7,926.6,141,1,0,0,1
736.89,16,131.52,123,0,0,0,0
3780.66,11,362.44,21,0,0,0,0
1603.22,16,2845.44,53,0,0,0,0
416.53,12,1256.39,195,0,0,1,0
804.07,18,1195.63,82,0,0,0,0
593.29,11,339.92,50,0,0,1,0
539.27,15,594.68,97,0,1,1,1
2918.69,4,1400.88,125,0,1,0,1
278.18,15,976.31,17,0,0,0,0
5479.56,5,1314.9,49,0,1,1,1
2510.48,10,1937.05,185,0,0,0,0
3264.5,16,988.38,21,0,0,0,0
690.25,22,317.85,51,0,1,0,0
943.94,13,952.44,66,0,0,1,0
261.61,5,577.48,182,0,0,0,0
648.94,22,306.58,47,0,0,0,0
1796.61,10,1137.67,72,0,0,0,0
4008.06,11,1368.19,128,0,0,0,0
362.43,12,628.7,113,0,0,0,0
760.89,3,806.16,32,0,0,1,0
942.66,6,191.79,177,0,0,0,0
271.57,1,1305.4,173,1,0,0,0
1980.98,5,1070.58,98,0,0,0,0
531.66,5,772.89,122,0,0,0,0
902.0,17,313.73,168,0,0,0,0
697.88,19,247.99,95,0,1,0,0
498.03,7,2243.84,88,0,0,0,0
1088.93,7,365.13,37,1,0,0,0
883.94,7,720.91,29,0,1,0,0
756.08,7,371.96,23,0,1,1,0
529.29,0,168.45,179,0,0,0,0
1509.49,1,870.27,110,0,0,0,0
5730.84,11,955.58,37,1,0,0,0
1261.29,14,244.38,71,0,0,0,0
2969.41,3,1293.32,146,0,0,0,0
273.08,2,484.95,165,0,0,0,0
1284.03,13,347.39,46,0,0,0,0
366.0,21,333.98,197,0,0,0,0
250.4,22,1121.85,99,0,0,1,0
523.55,7,209.72,51,0,1,0,0
3611.58,12,315.67,39,0,1,0,0
2835.62,22,861.75,121,0,0,0,0
1398.29,18,795.69,164,0,0,1,0
236.82,21,360.25,187,0,1,0,0
901.19,4,1439.14,186,0,0,0,0
1482.82,12,341.09,80,0,0,0,0
1307.06,19,586.91,183,0,0,1,0
173.5,0,542.1,191,0,0,0,0
450.2,15,543.35,146,0,0,0,0
1028.57,22,591.58,150,1,1,0,0
1874.86,23,581.08,132,0,0,0,0
121.98,1,576.8,59,0,1,1,1
932.51,6,596.36,102,0,0,0,0
1265.28,5,1275.65,188,1,0,0,0
2564.74,4,578.57,112,0,0,0,1
2192.63,3,1007.44,53,0,0,1,1
1963.67,1,727.22,192,0,0,1,1
492.78,9,828.6,117,1,1,0,0
162.71,21,1060.77,185,0,0,1,0
740.22,4,335.57,138,0,0,0,0
2985.83,17,969.17,74,0,0,0,0
4418.05,9,585.64,90,1,1,0,1
2231.77,22,373.68,140,0,0,1,1
1684.7,21,1059.41,147,0,0,0,0
1603.01,14,515.31,158,0,0,0,0
628.84,8,834.22,43,0,0,0,0
962.89,10,130.65,135,0,0,0,0
5820.08,20,1028.29,189,0,1,0,1
427.28,16,3146.53,14,1,0,0,0
5512.53,20,662.09,7,0,0,0,0
794.71,8,567.86,50,1,1,0,1
4127.52,22,504.33,154,0,1,0,1
268.59,15,928.3,71,0,0,0,0
1970.23,5,554.21,197,0,0,0,0
524.91,21,980.96,101,0,1,0,0
266.33,10,1869.58,23,0,0,0,0
1364.49,22,1101.72,66,0,1,0,0
3009.33,16,598.96,102,1,0,0,1
471.09,3,340.6,61,0,0,0,0
244.93,14,520.65,99,0,0,0,0
1000.4,0,604.01,111,0,1,0,1
1004.82,21,301.52,92,0,1,0,0
1897.55,19,1276.86,145,0,0,1,0
2834.43,0,935.85,148,0,0,1,0
1033.37,8,354.55,148,0,0,0,1
7012.88,11,228.71,119,0,1,0,0
1372.29,3,1023.22,123,1,0,0,0
775.55,21,248.14,56,0,1,0,0
218.86,12,699.5,45,1,0,0,1
843.31,6,520.24,52,0,0,0,0
783.38,7,1074.9,95,0,0,0,0
2864.95,12,1082.4,43,0,0,0,0
1741.47,10,406.36,17,0,0,0,0
337.18,8,1133.18,136,0,1,0,0
1302.78,23,559.1,100,0,0,0,0
2146.37,15,672.75,113,0,0,0,0
5054.49,9,681.08,108,0,1,1,1
2663.79,10,2562.91,102,0,1,0,0
2346.89,11,619.16,47,0,0,0,0
1164.55,13,243.92,92,0,0,1,1
1616.97,18,433.19,97,0,0,0,0
3825.73,11,1035.69,178,0,0,1,0
289.23,17,560.91,130,0,0,1,0
773.22,20,671.14,113,0,0,0,0
506.45,16,513.28,51,0,0,0,0
1602.23,2,122.74,96,0,1,0,1
3752.67,0,417.05,185,0,1,0,0
603.67,18,635.0,157,0,1,1,0
100.45,3,230.05,45,0,1,0,1
726.17,22,327.9,7,0,0,1,0
2733.87,15,542.4,125,0,0,0,0
1877.38,11,545.23,81,0,0,1,0
1682.75,20,842.74,99,0,0,0,0
828.82,20,563.34,17,1,0,0,0
305.2,12,824.34,109,0,0,0,0
1835.91,16,437.02,22,1,1,0,1
476.14,7,755.17,41,0,0,0,0
9740.98,12,1607.88,175,0,1,0,0
1940.12,19,791.06,166,0,0,0,0
613.61,4,577.66,59,0,0,0,0
595.03,17,377.8,56,0,0,0,0
999.3,14,700.77,40,0,0,0,0
863.07,11,583.59,186,0,0,0,0
3350.4,16,931.88,191,0,0,0,0
1321.36,14,222.93,118,0,0,1,0
527.62,1,594.15,56,0,1,0,1
7262.22,5,855.4,23,0,0,0,0
1152.06,16,718.83,144,0,0,0,0
2365.72,15,544.84,96,1,1,0,1
596.91,16,540.33,143,1,0,0,0
1576.74,19,344.02,52,1,0,0,1
1496.84,8,834.91,105,0,0,0,0
165.73,4,858.28,103,0,0,0,0
8227.81,22,284.9,148,0,0,0,0
3986.4,0,1052.35,51,1,0,0,0
737.16,5,449.1,71,1,0,0,0
364.21,23,530.81,35,0,0,0,0
1552.41,13,2023.0,80,0,1,0,0
1195.95,16,1739.15,12,1,0,0,0
1565.04,18,279.23,193,0,1,0,0
1328.2,0,308.77,48,0,0,0,0
1819.36,0,354.04,182,1,1,0,1
4662.49,12,1722.85,39,0,1,0,0
1935.47,13,462.05,193,1,0,0,1
383.89,5,274.65,187,0,1,0,1
4283.66,5,1393.35,198,0,0,0,0
5656.81,0,949.91,18,0,0,0,1
25643.79,13,2567.18,114,0,0,0,0
356.56,2,948.76,8,0,1,0,0
1398.12,22,652.54,149,1,1,0,0
136.72,9,774.04,116,1,0,0,0
1906.74,18,506.84,73,0,0,1,0
633.84,18,1455.78,156,0,0,0,0
7505.91,18,1502.62,53,0,0,0,0
505.42,22,257.3,59,0,0,0,0
202.52,3,1170.89,155,0,0,1,0
684.53,19,349.8,85,0,0,1,0
152.1,18,2830.59,144,0,1,1,0
2324.13,9,1652.8,143,1,0,0,1
139.06,1,336.02,119,0,1,1,0
1128.29,3,767.7,79,0,0,0,0
137.3,23,1206.95,102,0,1,0,0
796.08,5,457.5,131,0,0,1,0
5672.46,6,293.01,115,1,0,0,0
1572.86,15,707.03,105,0,0,0,0
462.44,6,604.49,118,1,1,0,0
1062.94,17,384.3,33,0,0,0,0
1116.57,19,1396.4,66,0,0,0,0
1759.23,21,306.93,57,0,0,0,0
279.54,18,623.46,121,1,0,0,0
1983.4,8,741.81,180,0,0,0,0
73.38,19,800.62,95,0,0,0,0
584.13,9,1310.81,110,0,0,0,0
672.99,12,575.93,90,0,0,0,0
2065.91,17,139.48,132,0,0,0,1
1121.73,15,527.39,198,1,1,1,1
268.93,21,1028.03,104,1,0,0,0
409.53,16,610.03,180,0,0,0,0
1337.66,21,612.75,98,0,0,1,0
1013.26,12,912.08,191,0,0,0,0
614.54,11,987.15,189,0,0,0,0
678.01,9,227.73,80,0,0,0,0
2199.9,0,657.73,7,0,1,0,1
653.48,7,591.62,85,0,1,0,0
1004.16,20,695.81,109,0,1,0,0
9604.02,21,204.01,36,0,0,0,0
264.1,17,1471.23,12,0,0,0,0
172.11,1,667.83,91,0,1,0,0
2400.88,15,858.34,34,0,0,0,0
556.33,11,1919.06,147,0,0,0,0
797.72,8,863.33,78,0,0,0,0
502.12,2,264.03,187,0,0,0,1
845.73,21,631.52,127,0,0,0,0
5423.72,20,997.18,125,0,0,1,1
2445.8,3,688.13,42,0,0,0,0
2597.29,1,1852.13,147,0,1,0,0
266.07,7,397.99,162,0,0,0,0
346.83,9,1403.99,178,0,0,0,0
64.13,15,1100.41,196,0,0,0,0
488.15,22,701.53,158,1,1,0,1
2854.65,10,811.43,119,1,0,0,0
1838.94,17,369.96,113,1,0,0,1
878.74,21,553.16,82,0,1,0,0
1072.45,13,940.37,199,0,0,1,0
550.66,7,608.22,40,0,0,0,0
1345.82,22,689.62,94,0,0,0,0
2358.73,14,1206.48,163,0,1,0,0
217.92,16,211.8,44,0,0,0,0
1479.78,20,830.17,78,0,0,0,0
2786.2,17,1931.25,50,0,0,0,0
724.08,5,530.53,111,0,0,0,0
2209.9,22,315.27,174,0,0,0,1
18299.97,13,526.65,150,0,0,0,0
987.97,22,267.67,104,1,1,0,1
1625.07,2,761.59,168,0,1,1,1
524.24,6,636.37,182,0,0,1,0
1314.55,14,805.32,65,0,0,0,0
1737.62,20,614.78,172,0,0,0,0
1332.54,23,748.1,7,0,0,0,0
395.56,15,871.56,86,0,0,0,0
1347.98,15,324.22,11,0,0,0,1
4732.44,7,818.65,35,1,0,0,0
1717.52,6,1585.93,69,0,1,0,0
2869.77,5,373.52,99,0,0,0,0
865.22,1,800.31,68,0,0,0,0
2321.34,21,1446.38,81,0,0,1,0
1449.93,12,332.61,7,0,0,0,0
423.73,11,1073.54,97,0,0,0,0
1507.97,14,582.18,39,0,0,0,0
406.79,8,1220.24,19,0,0,0,0
582.38,1,405.58,25,0,0,0,1
1325.21,16,661.54,66,0,0,0,0
1476.23,4,267.44,87,0,0,0,1
333.88,10,864.69,160,0,0,0,0
3146.31,21,870.65,8,0,0,0,0
1943.03,18,920.1,145,0,0,0,0
542.0,23,893.33,183,0,0,0,0
235.67,6,629.77,180,0,0,0,0
948.7,1,274.08,171,0,0,0,0
702.09,15,1206.22,71,0,1,0,0
1228.0,11,649.98,98,0,1,0,0
762.71,22,842.26,62,0,0,0,0
147.31,14,595.18,134,0,0,0,0
743.71,0,2154.38,29,1,0,1,0
807.85,12,473.15,15,0,1,0,0
2066.6,22,462.36,5,0,0,0,0
545.55,5,260.61,52,0,0,0,0
5876.25,12,711.77,117,0,0,0,0
162.12,17,2028.48,180,0,0,0,0
4069.06,2,716.96,142,0,0,0,1
876.28,0,762.25,85,0,1,1,1
2590.44,14,1192.64,34,0,0,0,0
1187.73,12,733.08,167,0,0,0,0
3427.39,4,1365.91,118,0,0,0,0
744.44,12,1493.15,23,0,0,1,0
365.54,21,466.01,114,0,0,0,0
4539.19,4,281.95,185,0,0,1,1
978.99,18,1006.02,38,0,0,1,0
1368.62,20,807.21,36,0,0,1,0
3769.7,23,355.13,80,0,0,1,0
390.74,17,442.83,130,0,0,1,0
1989.21,20,442.0,138,0,0,0,0
607.96,21,726.67,145,0,0,1,0
960.86,9,1210.07,90,0,0,0,0
1178.83,23,1251.41,79,0,0,0,0
244.64,7,1069.02,196,0,0,0,0
503.29,14,558.22,139,0,0,1,0
4234.72,20,2520.13,49,0,1,0,0
2660.29,19,678.53,177,0,0,0,0
1030.05,22,526.74,69,1,0,0,0
1398.46,21,293.05,98,1,0,0,0
817.1,3,539.95,23,0,0,0,1
4258.12,1,865.46,123,0,0,0,1
897.53,23,256.79,51,0,0,1,0
1382.77,5,375.23,50,0,1,0,0
3449.66,2,502.5,33,0,0,0,1
504.03,6,417.7,104,1,1,0,0
5212.37,9,397.53,193,0,0,1,1
237.35,22,1306.06,69,0,0,1,0
5595.08,5,247.05,155,0,0,0,0
755.46,15,738.94,132,1,0,0,0
860.32,1,908.18,55,0,0,0,0
165.67,23,497.48,195,0,0,0,0
695.9,16,580.47,26,1,0,0,0
387.69,12,649.16,114,1,1,1,1
597.26,0,973.19,75,1,0,0,0
955.93,5,1666.39,37,0,0,0,0
2857.75,4,307.75,131,0,0,1,1
1349.65,12,383.85,113,0,1,0,0
1491.71,22,395.62,104,0,1,0,0
366.68,17,660.15,48,0,0,0,0
454.52,11,523.29,11,0,0,0,0
6625.79,6,992.13,132,1,0,0,1
525.74,14,448.59,95,1,0,0,0
5745.71,2,390.35,134,0,0,0,1
860.01,15,420.78,21,0,0,1,0
1099.15,0,712.95,69,0,1,0,0
3198.27,15,1186.01,190,1,1,0,0
3912.35,23,647.64,114,0,0,0,0
981.6,11,475.85,34,0,0,0,0
743.79,18,358.3,96,0,0,1,0
1036.99,7,1598.75,158,1,0,0,0
1537.57,22,231.23,167,0,1,0,0
2673.93,11,594.88,195,0,0,0,0
1101.28,14,1036.74,79,1,0,1,0
2036.29,1,589.98,160,0,0,0,0
5644.06,16,473.53,157,0,1,1,0
1605.69,6,917.26,193,0,0,0,0
1497.65,12,345.06,109,0,0,0,0
240.11,0,234.05,35,0,0,0,0
78.99,5,822.13,186,0,0,1,0
1617.08,12,366.09,199,0,0,0,1
997.42,10,719.84,101,1,0,0,0
655.38,9,617.72,55,0,1,0,0
1399.02,15,777.92,62,0,1,0,0
1032.35,23,580.42,38,0,0,1,1
3387.27,22,926.03,191,0,0,0,0
1195.25,19,436.1,25,0,1,1,0
519.61,16,1062.89,188,0,0,0,0
2951.79,16,320.35,41,0,0,0,0
882.6,3,1344.23,68,0,0,1,0
1856.66,4,2277.85,151,0,0,0,0
680.34,22,709.72,128,0,0,0,0
572.59,13,1705.31,105,0,0,0,0
1192.93,19,1992.3,123,0,0,0,0
1110.79,9,548.64,89,1,0,0,0
1771.93,13,684.52,82,1,0,0,0
838.28,0,408.11,185,0,0,0,0
174.8,10,424.21,195,0,1,1,0
711.39,22,764.88,108,0,0,0,0
2425.56,17,249.26,194,0,0,0,0
814.54,15,1097.59,76,0,0,0,0
857.15,17,735.37,107,0,0,0,0
2940.62,7,1001.04,81,0,0,1,0
538.09,9,596.32,114,1,1,0,0
234.44,9,995.77,23,0,0,0,0
933.9,4,771.69,134,0,0,0,1
675.75,9,901.75,138,0,0,0,0
417.28,17,1142.56,161,0,1,0,0
920.23,20,311.39,173,0,0,0,0
1792.75,23,436.22,183,0,0,0,0
1086.49,5,2667.49,137,0,0,0,0
1490.67,2,753.22,173,0,0,0,0
6723.79,7,237.44,66,0,0,0,0
778.31,8,238.23,162,0,0,0,1
1448.59,4,635.88,107,0,0,0,0
659.04,1,485.99,194,0,0,0,0
470.43,1,410.01,104,0,0,0,0
611.0,6,1950.59,159,0,0,0,0
679.42,16,533.01,182,0,0,0,0
1571.01,9,1088.53,56,1,0,0,0
11488.2,11,772.84,53,0,1,1,1
535.9,1,557.28,194,0,0,0,0
722.98,9,335.28,104,0,0,0,0
1029.55,19,1055.26,192,0,0,0,0
1629.13,0,162.94,130,1,0,0,1
1427.32,3,1121.48,122,0,0,0,1
3960.38,12,728.34,58,0,0,0,0
96.89,11,964.05,123,0,0,1,0
100.79,10,668.25,137,0,0,1,1
667.89,9,317.16,141,0,0,0,0
3285.59,14,846.35,166,0,0,0,0
229.14,4,1106.92,102,0,0,0,0
54.18,16,498.95,40,1,0,1,1
1941.43,4,986.77,152,0,0,0,0
1399.2,1,794.67,85,0,0,0,0
368.63,8,871.6,89,1,1,0,0
409.3,5,397.14,87,0,0,0,0
415.82,17,1435.54,67,1,0,0,0
1224.8,13,794.43,71,1,1,0,0
586.21,18,1095.57,162,0,0,0,0
1797.34,13,526.95,7,0,0,0,0
63.14,7,1199.16,181,0,0,0,0
465.52,16,516.38,46,1,1,0,0
355.65,2,389.53,28,0,0,0,0
848.66,9,1925.82,48,0,0,0,0
640.31,16,160.2,133,1,0,1,0
2435.35,10,3999.54,119,0,1,0,0
170.83,7,1013.38,186,1,0,0,0
1147.67,0,550.66,184,0,0,0,0
1916.65,12,808.88,40,1,0,0,0
7020.91,20,1013.74,42,0,1,1,1
677.38,3,544.86,176,0,0,0,0
1516.95,6,2255.54,86,0,0,0,0
180.57,13,1612.17,179,0,0,0,0
100.29,4,3415.56,33,0,0,0,0
2552.36,23,319.62,183,0,0,0,0
1090.55,10,756.86,45,0,0,0,0
3563.55,16,289.4,196,0,1,0,0
277.72,4,345.54,92,0,0,1,0
1844.39,19,546.89,52,1,1,0,0
7106.87,2,552.85,118,0,0,0,1
1668.54,4,830.43,26,0,0,0,0
1446.04,14,622.41,103,0,0,1,0
1106.06,18,1074.9,21,0,0,0,0
227.95,15,805.4,90,0,0,0,0
4253.82,7,1787.4,137,0,0,1,0
595.35,12,1093.66,65,0,0,0,0
1816.17,15,327.87,93,0,0,0,1
229.74,2,609.54,138,0,0,0,0
337.15,0,634.73,185,0,1,0,0
4605.87,8,866.05,85,0,1,0,1
774.87,8,1267.96,99,0,0,0,0
4690.41,21,788.05,149,0,0,0,1
1014.11,16,940.96,63,1,0,1,1
173.83,23,336.79,171,1,0,1,0
2675.97,1,504.96,58,0,0,0,0
607.96,8,211.18,130,1,0,0,0
2205.45,23,867.11,180,0,1,0,0
1124.63,18,1102.02,169,0,0,0,0
234.37,12,301.45,52,0,0,1,1
1292.45,4,731.48,72,1,0,0,0
9859.82,8,625.55,111,0,0,0,0
1795.41,12,1831.82,82,0,0,1,0
1035.34,0,388.92,81,0,1,0,0
3214.23,14,1153.89,31,0,1,0,1
1353.8,3,1320.6,92,0,1,1,0
1352.26,3,591.72,159,0,1,0,1
368.11,19,792.74,76,0,1,0,0
1385.54,9,1269.62,195,0,1,0,0
3088.51,5,343.88,184,1,0,0,1
475.3,23,514.76,51,1,0,0,0
4557.35,11,743.78,107,0,0,0,0
1000.54,19,2294.83,25,1,0,0,0
451.34,15,523.29,119,1,0,0,0
2973.91,2,566.12,61,0,1,1,1
823.21,13,1682.87,109,1,0,0,0
2343.77,0,990.08,99,0,0,0,0
819.13,9,2463.96,174,0,0,0,1
1032.95,14,1281.71,114,0,0,0,0
1796.44,6,609.35,180,0,0,0,0
1466.89,3,559.5,31,0,0,0,0
149.08,13,405.55,132,0,0,1,0
357.36,23,303.99,165,0,0,0,0
2777.79,15,816.06,80,1,0,1,1
960.89,13,968.9,39,0,0,0,0
649.54,2,1041.52,102,1,0,0,0
281.86,16,617.64,148,0,0,0,0
372.51,20,2117.66,40,0,0,0,0
145.21,13,294.4,70,0,0,0,0
991.0,17,275.06,60,0,0,0,0
602.79,2,406.76,149,0,0,0,0
417.14,21,667.52,152,0,1,0,0
1024.41,18,344.37,98,0,0,0,0
1578.09,2,1492.43,110,0,0,0,0
8894.58,11,426.93,88,1,1,0,1
241.8,21,383.55,140,0,1,0,1
3496.02,4,1252.69,150,0,0,0,0
2901.84,9,753.3,22,0,1,0,0
503.16,8,1065.1,150,0,1,0,0
1343.77,0,646.42,129,0,0,0,0
693.93,12,782.94,6,0,0,1,0
1320.4,2,281.43,80,0,0,0,0
4959.85,18,608.68,183,0,0,1,0
2009.43,10,354.66,142,0,0,0,1
1823.67,15,2148.74,146,0,0,0,0
713.15,5,1444.75,30,0,1,0,0
248.62,23,449.28,51,0,1,0,1
890.28,2,587.26,34,0,1,0,0
3665.09,18,604.11,60,0,0,0,0
238.13,5,2422.06,123,0,0,0,0
381.81,7,843.74,174,0,1,0,0
1244.22,21,514.54,136,0,0,0,0
409.67,12,726.33,143,0,0,0,0
496.45,11,264.49,156,1,1,0,0
717.95,9,636.38,199,0,0,1,0
279.89,2,347.74,169,0,0,1,1
414.01,3,219.51,134,0,0,1,0
2215.93,0,2190.63,144,0,0,0,0
296.67,12,654.46,25,0,0,0,0
221.88,23,418.66,196,0,0,1,0
584.04,3,240.25,72,1,0,0,1
2280.06,21,582.5,130,0,1,0,0
900.62,10,608.19,47,0,0,0,0
689.12,18,1052.61,186,1,0,0,1
1146.37,10,375.29,104,1,0,0,0
191.39,11,482.87,127,0,0,1,0
1798.5,10,381.93,194,0,1,0,1
1609.11,5,583.57,97,0,0,0,0
728.28,11,201.18,144,0,0,0,1
2998.67,8,410.54,133,0,0,0,0
355.14,9,970.52,165,1,0,0,0
3387.71,2,318.85,196,0,1,0,1
1279.84,2,1211.61,120,0,1,0,1
783.25,19,1123.29,119,0,0,0,0
1075.05,22,1181.11,146,0,1,0,0
985.09,15,663.34,123,0,0,1,0
3715.55,2,628.51,97,0,0,1,1
373.65,9,805.74,146,0,0,0,0
511.57,23,1468.74,13,0,0,0,0
3091.16,10,1390.71,77,0,0,0,0
604.54,7,245.34,30,0,1,1,1
2698.72,5,393.63,181,0,0,1,0
5999.53,19,353.41,110,0,0,0,0
733.78,10,1028.71,149,1,0,0,0
2167.57,20,442.49,72,1,0,0,0
345.95,11,588.73,192,0,0,0,0
2332.59,15,1853.39,114,0,0,0,0
1338.66,17,1303.14,135,0,0,0,0
1759.95,12,1518.87,29,0,0,0,0
575.03,21,432.61,25,0,0,1,0
208.29,2,126.11,144,0,0,0,0
1813.93,14,524.63,58,0,0,0,0
139.3,21,280.35,5,0,0,0,0
798.43,20,207.18,132,0,1,0,0
2810.68,13,1309.24,5,0,0,0,0
1328.62,17,389.51,177,0,0,0,0
7695.13,13,409.96,178,0,0,1,1
3056.75,4,534.08,180,0,0,1,1
570.27,20,1786.29,139,0,0,1,0
1127.0,13,603.67,14,0,0,0,0
1045.9,7,1177.27,147,0,0,0,0
225.39,22,550.48,44,1,0,0,0
428.2,14,257.68,143,0,1,0,0
625.93,14,325.74,188,1,0,1,0
143.13,18,663.63,178,0,1,0,0
1149.97,19,709.51,49,1,1,0,0
854.85,5,921.15,91,0,0,1,0
205.84,18,921.38,145,0,1,1,0
1642.89,7,1141.5,31,0,0,0,0
2243.68,5,419.27,54,0,1,0,1
1376.14,19,1990.88,65,0,0,0,0
793.09,22,2103.28,17,0,0,0,0
1981.17,14,486.71,144,0,0,0,0
2165.1,2,413.08,161,0,0,0,1
1491.3,9,227.95,89,1,0,0,1
480.77,14,736.96,88,1,1,0,0
1446.06,23,872.59,24,0,1,0,0
3624.53,15,469.85,35,0,0,0,1
603.88,16,788.13,12,0,0,1,0
8936.86,18,289.26,28,0,0,0,1
648.31,10,1188.69,171,0,1,0,0
1132.75,15,483.68,37,1,0,0,1
559.76,4,790.97,46,0,1,0,0
1370.97,4,754.53,147,1,0,0,0
192.05,13,205.15,197,0,0,0,0
635.21,17,1097.09,164,0,0,0,0
367.92,7,415.44,143,0,0,0,0
1255.56,4,751.07,98,0,0,0,0
2964.45,6,285.45,41,0,0,0,0
2092.27,15,498.88,151,1,0,0,1
102.34,22,827.12,183,0,0,0,0
8451.25,13,348.08,38,0,0,0,0
1473.33,4,359.71,192,0,0,0,0
504.47,23,716.97,57,0,0,0,0
1283.22,8,601.54,144,0,0,0,0
1307.92,3,820.23,194,1,0,0,0
562.93,3,533.42,100,0,0,0,0
1336.64,15,977.4,198,0,0,0,0
597.36,23,473.35,109,0,1,0,0
731.9,16,951.69,52,0,0,0,0
552.1,14,386.04,44,0,1,0,0
261.73,3,461.0,156,0,1,0,0
1268.81,5,1031.12,182,0,0,0,0
1969.04,15,488.52,92,1,0,0,1
1835.15,3,329.4,47,0,0,0,1
2489.72,5,1878.2,21,1,0,0,0
1516.77,4,651.27,106,0,0,0,0
643.73,15,882.6,187,0,0,0,0
2539.35,15,171.19,166,0,0,0,0
282.16,9,1478.95,115,1,1,0,0
445.56,8,3254.32,74,0,0,1,1
418.13,3,1401.52,64,0,0,0,0
3229.41,13,1526.64,183,1,0,1,0
2815.2,3,520.47,81,0,0,0,0
1785.23,11,773.63,39,0,0,0,0
3203.28,23,891.45,166,0,0,0,0
455.19,9,437.66,20,0,0,0,0
1554.01,3,617.43,150,0,0,0,0
967.61,17,364.82,42,0,0,0,0
2557.75,12,524.63,175,0,0,0,0
977.28,12,1101.62,36,0,1,0,0
746.25,13,230.57,11,0,0,0,0
1883.54,17,1178.34,50,0,0,0,0
2633.76,0,258.16,193,0,0,0,0
562.09,20,686.41,22,0,0,0,0
1031.66,15,724.92,75,0,0,0,0
380.53,14,937.94,44,0,0,0,1
90.19,21,596.86,92,0,1,0,0
1340.05,4,355.38,82,0,0,1,1
2016.07,5,743.01,182,0,0,0,0
1425.2,5,2449.17,9,0,0,0,0
156.09,2,659.42,186,0,0,0,1
772.13,15,391.97,90,0,0,0,0
119.3,11,502.56,190,0,0,0,0
4314.35,3,727.88,26,0,0,0,0
370.16,0,566.13,78,0,0,0,0
3848.36,3,520.84,94,0,0,0,0
2823.89,0,1475.07,83,0,0,0,0
445.59,20,907.21,170,1,0,0,0
353.26,7,619.48,123,0,0,1,0
1556.77,23,622.34,181,0,0,0,0
471.39,4,737.97,133,0,1,0,0
1214.98,1,930.93,82,0,1,0,0
676.66,11,1435.67,40,1,0,0,0
184.72,21,519.49,99,0,0,0,0
117.86,16,366.26,32,0,0,0,0
1375.65,6,476.44,102,0,1,1,1
625.43,10,393.33,39,0,1,0,0
630.75,3,266.24,192,1,0,0,1
2199.23,4,1550.54,66,0,0,0,0
3545.53,5,1110.71,91,0,0,1,0
835.02,10,169.0,178,0,0,0,0
780.08,0,758.06,112,0,1,0,1
1808.3,9,530.57,129,0,0,1,0
282.33,19,493.96,83,1,0,0,0
1370.8,23,149.62,129,0,0,0,0
1904.33,20,655.14,65,1,0,0,0
2165.12,10,696.56,197,1,0,0,0
158.1,23,328.28,30,0,0,0,1
512.16,16,1761.02,167,0,0,0,0
455.66,7,1069.35,61,0,0,0,0
1211.83,12,350.79,195,0,1,0,1
1773.56,19,1228.85,136,0,1,0,0
4898.63,17,503.04,46,0,0,0,0
668.5,21,1252.71,177,0,0,0,0
666.76,15,279.85,171,0,0,0,0
3462.24,1,736.59,197,0,0,0,1
1475.24,4,320.61,26,0,1,1,0
3895.79,17,402.45,143,0,0,0,0
1463.71,2,208.72,169,0,1,0,1
344.77,21,317.13,94,0,0,0,0
289.13,16,316.03,183,0,0,1,0
232.41,15,293.18,62,0,0,0,0
2126.12,5,744.84,11,1,1,0,0
3599.67,18,230.51,140,0,0,0,0
6969.94,6,795.75,55,0,1,0,0
2548.11,17,1216.26,155,0,0,0,0
3508.13,13,390.16,94,0,0,0,0
613.99,5,632.09,112,0,0,0,0
345.01,7,543.82,13,0,0,0,0
2565.94,14,519.62,178,1,0,0,1
1665.17,14,143.55,42,1,0,0,1
1221.02,14,338.29,115,0,0,0,1
1615.45,15,1598.56,17,0,0,0,0
1515.02,0,807.79,11,0,0,1,0
3959.28,10,575.46,143,0,0,0,0
4003.75,4,197.86,182,0,0,0,0
1889.79,4,949.47,71,0,1,0,1
2554.99,20,384.91,45,1,0,0,1
1833.65,5,316.56,161,0,0,1,0
691.48,1,336.19,169,0,0,0,0
2336.86,5,903.6,188,1,0,0,0
271.92,13,637.42,20,1,0,0,0
3146.01,10,1117.4,48,0,0,0,0
332.11,3,1306.93,54,0,0,1,0
1459.43,23,426.8,138,0,0,0,0
470.99,8,648.32,22,0,0,0,0
1907.2,23,554.57,151,0,0,1,0
1060.05,2,293.81,55,0,0,0,0
222.57,15,320.3,198,0,0,0,0
1670.2,10,602.75,7,0,0,0,0
615.28,3,642.75,93,0,1,0,0
2646.91,0,643.6,58,0,0,0,1
1098.09,20,644.2,53,1,0,0,1
1628.51,21,407.65,32,0,1,0,0
420.92,15,2375.26,42,0,1,1,0
608.3,18,764.39,32,0,0,0,0
693.23,15,470.92,36,0,1,0,0
2582.99,10,846.74,45,1,0,0,0
5868.63,7,399.12,40,0,1,0,0
490.21,22,675.9,107,0,0,0,0
3219.07,0,845.91,40,0,0,0,1
125.25,20,925.71,111,0,0,0,0
332.22,8,312.81,130,0,1,0,0
420.41,11,4094.73,91,0,0,0,0
283.58,21,1351.65,70,0,0,0,0
225.07,7,2251.84,142,0,0,0,0
1657.39,16,570.4,74,0,0,0,0
885.31,9,771.3,83,0,0,0,0
1602.64,6,679.85,97,0,0,0,0
2187.41,18,479.03,195,0,0,1,1
1430.27,5,1047.92,96,0,0,1,0
2117.02,20,391.43,26,0,0,0,0
1022.97,23,1011.26,24,0,0,0,0
334.62,23,493.31,37,0,1,0,0
3158.38,18,845.07,147,0,0,0,0
608.43,17,1598.75,139,0,0,0,0
430.27,14,614.12,94,0,0,1,0
917.89,1,1062.24,54,0,0,0,0
440.18,13,490.12,14,0,0,0,0
722.39,20,327.41,83,0,0,1,0
1546.97,9,1802.69,41,0,0,0,0
1553.62,15,1041.72,63,0,0,0,0
446.83,6,613.6,92,0,0,0,0
673.37,7,1010.14,108,0,0,0,0
3210.98,9,361.46,67,0,1,0,0
1801.55,14,867.26,25,0,0,0,0
8734.75,7,757.64,108,0,0,0,0
3569.31,12,982.72,83,1,1,0,0
3443.67,11,1781.19,41,1,0,0,1
273.73,7,1585.96,49,0,0,0,0
2353.97,14,289.08,146,1,0,0,1
1039.91,11,200.91,47,1,0,1,1
632.08,10,770.8,120,1,0,0,0
1297.27,18,736.27,89,0,0,0,0
2822.03,13,336.4,88,0,0,0,1
1809.55,17,373.73,165,0,0,0,0
455.56,12,418.97,7,0,0,0,0
2304.13,3,1481.81,108,0,0,0,1
579.64,16,500.95,91,0,0,0,0
1361.96,18,269.8,176,0,0,0,0
809.69,8,639.92,115,0,1,0,0
881.07,22,664.05,91,0,0,1,0
2359.59,6,358.07,95,0,0,0,0
387.54,0,947.89,39,0,0,0,0
7670.94,6,1315.99,157,0,1,0,1
177.49,6,537.42,100,0,1,0,0
603.25,19,269.79,90,0,1,0,0
1587.97,6,564.39,140,0,0,0,0
1967.1,7,797.12,120,0,0,1,0
991.8,15,182.23,194,0,0,0,0
1035.47,2,887.95,150,0,0,1,0
1653.34,12,531.13,96,0,0,0,0
870.38,9,682.82,160,0,0,0,0
4416.85,17,559.04,144,0,0,0,0
2538.55,6,423.24,196,0,1,1,1
2624.97,20,622.29,6,0,0,0,0
417.32,20,490.12,191,0,0,0,0
1012.94,4,536.71,169,0,0,0,0
812.03,22,392.19,128,0,0,0,0
401.18,23,917.88,8,0,0,0,0
1572.09,21,1397.0,173,0,0,0,0
640.57,6,393.87,177,0,0,0,0
2112.03,21,620.12,113,0,0,0,0
376.08,16,344.77,115,1,0,0,0
6118.31,3,839.51,38,0,0,0,0
447.5,23,760.93,91,0,1,0,0
1365.54,22,469.95,17,0,1,0,0
2420.81,15,632.92,11,0,0,0,0
619.78,18,1117.85,36,0,0,0,0
2572.08,9,253.55,27,0,0,0,0
320.8,2,306.4,181,0,0,0,0
4684.98,2,943.03,51,0,1,0,0
1112.26,16,687.24,169,0,0,0,0
604.01,9,637.72,180,1,0,1,1
813.07,16,1171.21,33,0,0,0,0
2462.47,21,1015.02,169,0,0,0,0
611.27,16,1861.36,27,0,0,0,0
518.35,20,1137.93,42,0,0,0,0
878.72,3,911.81,131,0,0,0,0
338.0,20,643.95,48,0,0,0,0
6771.95,22,610.03,9,0,0,0,0
622.41,5,663.85,184,0,1,0,0
2519.0,11,760.36,44,0,0,0,0
1352.18,21,322.45,143,0,0,0,0
409.72,19,779.11,82,0,0,0,0
1090.12,16,574.79,110,0,1,0,0
2401.87,16,824.05,134,0,0,0,0
908.45,9,470.31,167,0,1,0,1
3615.96,6,447.8,177,0,0,0,0
3045.79,15,763.89,53,0,0,0,0
2748.79,12,885.69,127,0,0,0,0
692.52,2,462.96,39,0,1,0,1
372.47,1,1467.81,110,0,0,0,0
593.72,15,1461.78,76,0,0,0,0
1334.41,5,257.39,164,0,0,0,0
1892.75,5,417.29,113,0,0,0,1
125.01,12,713.17,129,0,1,0,0
1087.77,6,830.86,75,0,0,0,0
1284.45,4,2390.85,43,0,1,0,0
830.86,23,723.82,180,0,0,1,0
3988.91,6,620.27,95,0,0,0,0
1672.01,1,336.02,41,0,0,0,1
4065.09,16,256.92,192,0,0,0,0
883.63,12,613.88,85,0,0,0,0
2800.29,20,2285.71,136,0,0,0,1
5625.51,20,585.78,27,0,0,0,0
4071.2,15,418.37,146,0,1,0,1
367.92,19,872.39,9,0,0,1,0
850.92,1,199.67,198,0,0,0,1
776.53,4,697.55,114,0,1,0,0
1788.72,17,1090.76,156,0,0,1,1
2178.42,6,376.71,22,0,0,1,1
473.95,10,1512.2,31,0,0,0,0
1173.61,10,988.13,28,0,0,1,0
145.48,21,1520.44,33,0,1,1,1
4637.57,16,291.26,143,0,0,1,0
656.96,15,596.8,150,0,0,0,0
1159.64,12,1156.64,127,0,0,0,0
804.6,21,270.77,132,0,0,0,0
3449.65,4,1174.08,116,0,0,1,0
64.23,19,597.1,121,0,0,0,0
1078.57,15,1168.85,136,0,0,0,0
986.52,21,757.85,37,0,1,0,0
696.71,21,1550.75,46,0,0,0,0
6162.43,15,306.39,164,0,0,0,0
451.54,15,810.33,183,1,0,0,0
2372.73,13,268.56,129,1,0,0,0
1565.96,5,855.53,8,0,0,0,0
3871.97,1,809.72,24,1,0,0,1
562.74,13,560.57,199,0,0,1,0
526.91,15,415.6,72,1,1,0,0
3281.55,22,547.18,194,0,0,0,1
1677.94,19,705.28,62,0,1,1,0
233.94,12,788.8,179,0,1,0,0
639.51,14,2120.46,84,0,0,0,0
1613.86,11,1123.33,191,0,1,0,0
2534.53,8,467.72,138,0,0,0,0
556.0,17,941.64,99,1,0,0,0
59.49,20,1128.67,172,0,0,0,0
1850.52,13,448.73,155,0,0,0,1
323.66,19,1013.63,184,0,1,0,0
145.86,3,272.59,8,0,0,0,0
64.57,7,439.03,169,0,0,0,0
2474.96,7,283.0,174,0,0,0,0
1247.15,21,586.03,48,1,0,0,0
875.1,21,500.6,129,0,0,0,0
4398.52,15,524.18,46,0,1,0,1
2074.19,23,1084.95,33,0,1,0,0
5520.92,9,702.29,151,0,0,1,0
272.4,20,1075.13,164,0,0,0,0
1059.39,16,1764.83,48,0,0,1,0
217.74,0,2337.41,59,0,0,0,0
871.85,17,611.62,84,0,0,0,0
855.24,9,916.76,137,0,1,0,0
2052.09,20,606.16,117,0,0,0,0
1147.76,3,1222.34,178,0,0,0,0
2045.52,0,1087.69,177,0,0,0,0
2215.96,3,447.5,25,0,0,0,0
9460.96,3,488.81,82,0,0,0,1
800.07,3,1527.87,154,0,1,0,0
427.94,16,478.42,34,0,0,1,0
1402.6,8,621.99,27,0,0,0,0
491.63,18,997.27,9,0,0,0,0
4826.91,12,602.24,67,0,1,0,0
826.15,3,1669.67,63,1,0,0,1
622.92,4,1236.28,86,0,0,0,0
684.5,12,391.31,56,0,0,0,0
2249.4,22,468.11,69,0,0,0,0
936.6,15,946.28,43,0,0,1,0
577.28,21,644.7,7,0,1,0,0
5798.48,4,207.61,174,0,0,0,0
465.83,7,371.47,75,0,0,1,0
1136.34,15,765.44,159,0,0,0,0
2105.5,0,1134.93,160,0,0,0,0
214.58,22,1144.71,186,0,0,0,0
1772.7,5,2159.65,19,1,0,0,0
381.8,10,439.27,185,0,0,0,0
2496.84,15,452.06,76,0,0,0,0
418.78,4,655.11,74,0,1,1,1
2192.44,15,243.33,8,0,0,0,1
3313.74,6,663.92,98,0,1,0,1
2595.25,18,591.52,149,0,0,0,0
1409.96,0,1069.59,38,0,0,0,0
870.18,8,1184.31,128,1,0,0,0
616.21,17,824.16,138,0,0,1,0
4774.45,12,666.29,40,0,0,0,0
544.85,14,827.5,103,0,0,0,0
388.75,2,413.35,171,0,0,0,0
2133.18,23,632.95,84,0,0,0,0
494.66,9,671.87,70,0,0,0,0
424.09,8,635.84,140,0,1,0,0
258.89,12,600.27,147,0,0,0,0
676.61,15,458.17,195,0,0,0,0
1009.58,2,359.47,95,1,0,0,0
1398.41,21,588.13,84,0,0,0,0
2839.28,22,950.14,197,0,0,0,0
1857.33,14,234.52,63,0,0,0,0
906.08,16,493.55,14,0,1,0,0
899.47,13,2301.83,11,0,0,0,0
1826.5,6,592.42,116,0,0,0,0
3915.0,19,728.37,80,0,0,0,0
1244.28,15,2004.68,16,0,1,0,0
685.99,20,805.66,83,0,0,0,0
406.32,7,816.77,50,0,0,0,0
258.47,3,385.26,36,1,0,0,0
2135.1,19,802.47,164,1,0,0,0
1954.67,23,659.26,119,0,0,0,0
1953.47,14,1158.58,118,0,0,1,0
964.24,4,1431.38,130,0,0,0,0
4478.01,12,677.35,94,0,1,0,0
675.79,5,836.53,65,0,0,0,0
2850.56,4,214.02,65,1,0,0,1
1054.96,16,173.92,106,1,0,0,0
596.84,6,1281.67,118,0,0,0,0
1983.33,5,148.87,178,0,0,1,1
1651.83,1,809.49,96,0,0,0,0
1567.09,10,599.33,187,0,1,0,0
1189.49,6,1392.44,133,0,0,0,0
1055.86,21,651.25,111,0,0,0,0
11948.63,20,1961.28,199,0,0,0,0
3584.08,7,588.55,53,1,0,0,0
2259.34,4,1323.2,29,0,0,0,1
1226.35,17,270.71,20,0,0,0,1
3002.37,21,167.13,145,1,0,1,1
1840.87,15,653.98,184,0,1,0,0
1125.75,13,287.05,112,0,0,0,0
809.52,11,641.65,168,0,0,0,0
1011.39,16,519.09,48,0,0,0,0
46.04,4,956.31,87,0,1,0,1
1353.71,13,351.21,51,1,0,0,0
672.85,5,858.16,128,0,1,1,1
5391.99,14,1116.96,84,0,0,0,0
1118.05,6,587.91,80,0,1,0,0
333.97,13,886.2,24,0,0,1,0
1043.27,17,369.76,150,1,0,0,0
385.24,0,528.69,186,0,1,0,0
1760.6,5,297.3,16,1,0,0,1
1466.96,2,2706.1,116,1,0,0,1
2857.89,4,1390.3,157,0,1,1,0
497.26,11,1800.95,64,0,0,0,0
1134.57,10,1378.38,79,0,0,0,0
280.05,12,446.8,114,0,0,0,0
2211.65,15,264.88,38,0,0,0,0
1842.49,17,515.72,145,0,1,0,0
1800.47,16,884.64,170,0,0,0,0
1098.41,16,558.83,144,0,0,0,0
1660.33,10,174.01,40,0,1,1,1
5455.28,19,1041.32,32,0,1,0,1
824.61,9,254.95,43,0,0,0,0
1259.72,15,516.25,81,0,0,1,0
370.14,1,1893.67,175,0,0,0,0
460.24,16,685.01,108,0,1,0,0
1209.32,21,1269.01,95,0,0,0,0
3307.45,19,819.01,119,0,1,0,0
848.71,9,363.09,163,0,1,0,0
866.17,12,1030.28,6,0,0,1,0
730.05,11,640.38,121,0,0,0,0
642.42,14,272.74,86,0,0,0,0
1472.87,6,246.61,94,0,0,0,0
245.36,21,837.12,46,0,0,0,0
3947.9,20,2403.8,35,0,0,0,0
563.73,12,348.71,65,0,0,0,0
2257.25,11,374.58,106,0,1,0,1
307.97,11,844.44,60,0,0,0,0
2140.6,1,302.37,87,0,0,0,0
2147.25,4,2731.02,132,0,1,0,0
1610.34,1,395.68,18,0,0,0,0
405.68,22,493.06,18,0,0,0,0
1407.47,19,410.46,161,1,0,0,0
335.94,12,1165.44,182,0,1,1,1
851.7,2,2434.14,54,0,0,0,0
3069.94,10,436.18,195,0,0,0,0
2432.57,15,1118.73,105,1,1,0,0
1113.41,0,303.83,197,0,0,0,0
413.72,18,1182.71,72,1,0,0,0
2091.4,10,1910.3,75,0,0,0,0
1118.09,8,1589.88,15,0,0,1,0
107.74,13,720.32,18,0,0,0,0
2398.57,8,357.92,110,0,0,0,0
1070.38,6,665.45,108,1,1,0,1
3649.89,15,551.95,135,0,1,0,0
366.77,2,508.76,132,0,0,0,0
45.75,18,752.9,12,0,0,1,0
1449.66,3,639.11,175,0,0,0,0
1467.86,6,1017.1,141,0,0,0,0
202.21,22,1021.07,23,0,0,0,0
412.2,11,640.55,144,0,0,0,0
17243.97,17,862.09,159,0,0,0,0
807.86,4,1469.73,116,0,0,0,0
2277.79,22,483.49,62,0,0,1,0
572.12,22,671.51,29,0,0,0,0
135.6,21,358.88,49,0,0,1,0
924.95,9,887.07,106,0,0,0,0
840.83,11,749.27,52,0,0,1,0
735.18,7,877.01,54,1,0,1,0
977.85,18,367.49,85,0,0,0,0
1428.34,14,1052.94,48,0,0,0,0
943.77,0,707.13,63,0,0,1,0
309.82,2,1233.61,165,0,0,0,0
1783.24,17,511.51,107,0,0,0,0
156.12,17,1001.69,82,0,0,0,0
141.12,1,868.72,160,0,0,0,0
2296.59,4,1660.36,22,0,0,0,0
1820.78,0,620.31,187,0,1,0,0
1035.46,9,476.79,165,0,1,0,0
271.66,19,494.59,120,0,0,0,0
540.28,9,342.07,110,0,0,0,0
843.24,4,491.84,147,1,0,1,1
222.32,17,163.31,193,0,0,0,0
523.73,20,1512.11,15,0,1,0,0
2105.55,14,2122.67,168,0,0,0,0
4570.17,19,608.78,147,0,0,0,0
720.95,7,865.11,185,0,0,1,0
2336.68,16,733.92,66,1,0,0,0
161.73,11,302.53,52,1,0,0,0
2120.59,20,1231.21,98,0,0,0,0
490.81,11,1346.51,147,1,0,1,0
1491.21,0,356.17,195,0,1,0,0
855.98,3,810.73,91,0,0,0,0
4106.86,7,568.13,175,0,1,0,1
457.4,0,1358.25,54,0,1,0,1
2054.13,14,632.88,64,0,1,0,0
829.23,17,643.24,63,1,0,0,1
936.07,0,1983.32,19,0,0,0,0
912.46,10,307.58,33,0,0,0,1
470.75,22,771.88,44,0,1,0,0
1081.28,1,701.48,35,0,1,0,1
1030.04,0,463.05,77,1,0,0,1
1395.82,11,2261.75,15,0,0,0,0
1193.33,15,813.97,85,0,0,0,0
2435.71,21,995.32,66,1,0,1,1
2761.44,21,1084.38,140,0,1,0,0
383.51,9,548.66,55,0,1,1,1
2614.35,17,1401.16,61,0,0,0,0
334.84,14,1241.8,136,0,0,1,0
1974.08,16,618.16,168,0,0,0,0
2038.03,9,1167.9,151,0,0,0,0
162.18,2,1399.63,28,0,1,0,1
1203.49,20,1071.76,45,0,1,0,0
686.43,15,402.97,53,0,0,0,0
513.49,5,629.29,178,0,0,0,0
4233.79,2,884.68,40,0,0,0,0
570.39,8,773.77,14,1,1,0,0
489.62,10,425.34,82,0,0,0,0
1182.87,20,560.07,139,0,0,0,0
2176.75,12,821.49,144,0,0,0,0
951.8,17,268.94,90,0,1,1,1
3520.54,21,672.9,180,0,0,0,0
1864.92,23,1010.28,169,1,0,0,0
124.19,21,788.21,168,0,0,0,0
645.83,3,397.63,64,0,0,0,1
625.25,21,441.9,100,0,0,0,0
1771.11,23,1623.27,12,0,0,0,0
79.45,7,378.95,139,0,0,1,0
14030.79,12,1354.79,111,0,0,0,1
1865.02,9,458.16,175,0,0,0,0
1272.68,1,1310.42,62,0,1,0,0
3574.45,7,920.27,85,0,0,0,0
11426.08,5,539.79,90,0,1,0,1
2619.52,15,230.46,178,1,0,0,0
2832.21,17,844.83,38,0,0,0,0
1249.74,16,741.69,88,1,0,1,1
951.91,5,852.65,121,0,0,0,0
681.44,12,919.33,26,0,0,0,0
480.05,22,302.33,153,0,0,1,0
551.69,13,842.15,19,0,0,0,0
284.13,20,1038.49,137,0,1,0,0
1016.51,9,1031.17,106,0,0,0,0
203.43,23,313.61,149,1,0,0,0
1327.32,10,1329.53,151,0,0,0,0
1057.51,12,860.25,9,0,1,0,0
1270.21,11,928.28,27,0,0,1,0
650.58,8,388.61,87,1,0,0,0
23786.19,3,1047.6,18,0,0,0,0
4273.19,6,236.43,14,1,1,0,0
315.91,23,399.85,35,0,0,0,0
1384.19,21,1422.19,145,0,1,0,0
597.05,1,1017.55,131,1,0,0,0
397.63,6,792.27,154,0,0,0,0
287.13,8,1171.72,41,1,0,0,0
1689.55,4,1221.6,171,0,0,0,0
554.81,14,1048.12,142,0,0,0,0
2886.58,17,583.79,35,1,0,0,1
2962.48,3,392.75,175,0,0,0,0
4332.56,18,446.73,103,0,0,0,0
467.6,19,1550.53,168,0,0,0,0
1764.05,6,309.42,39,0,0,0,0
2064.11,7,892.92,115,0,0,0,0
682.54,16,893.74,72,0,0,0,0
506.86,12,1604.93,187,0,0,0,0
5483.62,23,892.24,121,0,0,0,0
1376.77,20,515.98,130,0,1,0,0
2071.37,22,520.88,179,0,0,0,0
481.99,10,662.84,10,0,0,0,0
323.99,0,1312.39,123,1,0,0,0
620.52,1,1079.13,160,1,0,0,0
968.72,16,346.74,34,0,0,0,0
378.33,4,786.19,159,0,1,0,0
1085.89,5,1091.34,73,0,0,0,0
202.65,23,576.91,112,0,0,0,0
357.79,6,182.0,171,0,0,0,0
2145.04,20,591.18,39,0,0,0,0
2005.78,14,272.85,107,0,0,0,0
741.09,18,248.12,48,0,1,0,0
396.33,15,1260.29,147,0,1,0,0
392.52,12,3018.81,164,1,0,1,0
755.01,4,1508.05,33,0,0,0,0
2089.16,2,138.88,195,0,0,0,1
2774.56,2,599.56,10,0,0,0,0
667.45,18,466.93,31,0,1,0,0
346.02,13,275.19,32,0,0,0,0
1433.46,15,879.11,137,1,0,1,0
481.29,21,595.33,173,0,1,0,0
653.11,16,330.81,60,0,0,1,0
4126.88,3,193.68,116,0,0,0,1
2507.69,12,461.58,58,0,0,0,0
1284.31,7,668.3,84,0,0,0,0
307.38,18,619.52,109,0,0,0,0
1354.78,4,1258.49,22,1,0,0,0
3173.71,1,814.68,47,0,0,1,1
753.23,14,540.89,93,0,0,1,1
4234.9,1,407.35,78,1,0,0,1
3994.79,10,229.85,161,0,1,0,1
5789.1,12,345.58,14,0,0,0,0
1488.08,22,1502.66,138,0,1,1,0
1973.16,9,1117.45,93,0,0,0,0
4510.61,2,790.97,136,0,0,0,1
1715.39,4,494.51,38,0,0,0,0
664.32,2,1400.54,87,0,0,1,1
700.26,5,362.61,165,0,1,0,0
1392.08,12,365.11,136,0,0,1,0
301.7,9,628.86,176,0,0,0,0
950.27,18,179.49,102,0,0,0,1
3283.11,7,356.49,35,0,0,0,0
122.58,17,577.24,84,1,1,0,1
5087.2,2,504.34,198,1,1,0,0
3369.01,23,367.62,190,0,0,0,0
692.45,23,2255.75,64,1,0,0,0
1888.22,16,1507.12,6,1,0,0,0
1100.09,7,1860.8,40,0,0,0,0
3751.8,9,626.77,129,0,0,0,0
2929.78,1,496.14,192,0,0,0,0
270.41,11,1738.88,155,0,0,0,0
1972.91,22,700.03,107,0,0,0,0
892.81,5,352.03,179,0,0,0,0
1191.34,1,367.01,120,0,0,0,0
529.44,20,547.49,105,0,0,0,0
6298.94,22,656.41,50,0,0,0,1
3102.8,23,698.46,84,1,0,0,1
523.34,2,595.77,111,0,0,1,1
288.7,16,2707.45,48,0,0,1,0
745.7,6,295.34,151,0,0,0,0
1693.42,20,995.88,53,0,1,0,0
1394.38,4,499.46,92,0,0,0,0
3839.64,22,649.84,62,0,0,0,0
2416.12,0,1169.46,95,0,1,1,1
2891.61,7,228.23,139,1,0,1,1
1520.59,11,377.09,98,0,0,0,0
273.34,13,613.88,173,1,0,0,0
901.72,15,1612.84,82,0,0,0,1
3165.57,9,1607.74,126,0,0,0,0
1041.56,14,1431.36,147,0,0,0,0
1813.64,20,178.39,80,0,0,1,0
797.32,23,354.3,57,0,0,1,0
391.58,14,363.15,27,0,0,0,0
969.38,9,643.46,81,0,0,1,0
1493.75,20,218.81,77,0,0,1,1
569.25,6,1285.29,92,0,0,1,1
866.35,2,201.01,107,0,0,1,0
428.61,1,1235.85,98,1,0,0,0
3358.48,5,1121.59,197,0,0,0,0
816.92,20,344.94,64,0,0,0,0
4687.97,8,1418.24,14,0,0,0,0
5058.11,9,544.61,106,0,0,0,0
1011.26,3,466.09,62,0,1,0,0
400.03,2,516.53,179,1,1,0,0
136.2,8,543.8,147,0,0,0,0
251.63,23,574.67,13,0,0,1,1
277.6,21,582.55,17,0,0,0,0
4352.34,16,389.87,155,0,0,0,0
1231.3,13,448.13,165,0,0,0,0
1619.07,9,472.03,141,1,0,0,0
119.05,12,1814.63,135,0,0,0,0
330.97,11,472.16,77,1,1,0,0
2662.66,0,454.31,120,0,0,0,1
1460.85,21,1652.09,157,0,0,0,0
946.52,18,548.28,129,0,0,0,0
1929.16,18,389.89,115,0,0,1,0
5629.62,5,342.35,75,0,0,1,0
879.15,12,283.7,168,1,1,1,1
1175.41,18,920.31,93,0,1,0,0
1329.55,12,225.29,24,0,0,0,0
11993.37,21,1491.9,85,0,0,0,0
134.38,20,629.67,186,1,0,0,0
2171.61,3,511.71,94,1,1,0,1
977.69,23,579.98,23,0,1,0,0
1932.89,1,878.16,192,0,0,0,0
568.29,14,501.75,169,0,0,0,0
1044.23,11,592.85,116,0,0,1,0
2233.69,6,1251.19,135,0,0,0,0
24659.32,19,819.05,111,0,1,0,0
2460.29,17,314.2,125,1,0,0,0
469.62,22,435.0,96,0,1,1,0
